,k1,k10,k11,k12,k13,k17,k18,k19,k2,k3,k5,k8,modified,Path,fixed
0,0.02,1.0,0.01,0.01,1.0,100.0,50.0,200.0,1.0,0.01,1.0,1.0,k1,/Users/cthoyt/dev/notebooks/bit/ms/optimization/input0000/,1
1,0.001,1.0,0.01,0.01,1.0,100.0,50.0,200.0,1.0,0.01,1.0,1.0,k1,/Users/cthoyt/dev/notebooks/bit/ms/optimization/input0001/,1
2,0.0016681005372000592,1.0,0.01,0.01,1.0,100.0,50.0,200.0,1.0,0.01,1.0,1.0,k1,/Users/cthoyt/dev/notebooks/bit/ms/optimization/input0002/,1
3,0.0027825594022071257,1.0,0.01,0.01,1.0,100.0,50.0,200.0,1.0,0.01,1.0,1.0,k1,/Users/cthoyt/dev/notebooks/bit/ms/optimization/input0003/,1
4,0.004641588833612777,1.0,0.01,0.01,1.0,100.0,50.0,200.0,1.0,0.01,1.0,1.0,k1,/Users/cthoyt/dev/notebooks/bit/ms/optimization/input0004/,1
5,0.007742636826811269,1.0,0.01,0.01,1.0,100.0,50.0,200.0,1.0,0.01,1.0,1.0,k1,/Users/cthoyt/dev/notebooks/bit/ms/optimization/input0005/,1
6,0.01291549665014884,1.0,0.01,0.01,1.0,100.0,50.0,200.0,1.0,0.01,1.0,1.0,k1,/Users/cthoyt/dev/notebooks/bit/ms/optimization/input0006/,1
7,0.021544346900318832,1.0,0.01,0.01,1.0,100.0,50.0,200.0,1.0,0.01,1.0,1.0,k1,/Users/cthoyt/dev/notebooks/bit/ms/optimization/input0007/,1
8,0.03593813663804626,1.0,0.01,0.01,1.0,100.0,50.0,200.0,1.0,0.01,1.0,1.0,k1,/Users/cthoyt/dev/notebooks/bit/ms/optimization/input0008/,1
9,0.05994842503189409,1.0,0.01,0.01,1.0,100.0,50.0,200.0,1.0,0.01,1.0,1.0,k1,/Users/cthoyt/dev/notebooks/bit/ms/optimization/input0009/,1
10,0.1,1.0,0.01,0.01,1.0,100.0,50.0,200.0,1.0,0.01,1.0,1.0,k1,/Users/cthoyt/dev/notebooks/bit/ms/optimization/input0010/,1
11,0.02,1.0,0.01,0.01,1.0,100.0,50.0,275.0,1.0,0.01,1.0,1.0,k1,/Users/cthoyt/dev/notebooks/bit/ms/optimization/input0011/,1
12,0.001,1.0,0.01,0.01,1.0,100.0,50.0,275.0,1.0,0.01,1.0,1.0,k1,/Users/cthoyt/dev/notebooks/bit/ms/optimization/input0012/,1
13,0.0016681005372000592,1.0,0.01,0.01,1.0,100.0,50.0,275.0,1.0,0.01,1.0,1.0,k1,/Users/cthoyt/dev/notebooks/bit/ms/optimization/input0013/,1
14,0.0027825594022071257,1.0,0.01,0.01,1.0,100.0,50.0,275.0,1.0,0.01,1.0,1.0,k1,/Users/cthoyt/dev/notebooks/bit/ms/optimization/input0014/,1
15,0.004641588833612777,1.0,0.01,0.01,1.0,100.0,50.0,275.0,1.0,0.01,1.0,1.0,k1,/Users/cthoyt/dev/notebooks/bit/ms/optimization/input0015/,1
16,0.007742636826811269,1.0,0.01,0.01,1.0,100.0,50.0,275.0,1.0,0.01,1.0,1.0,k1,/Users/cthoyt/dev/notebooks/bit/ms/optimization/input0016/,1
17,0.01291549665014884,1.0,0.01,0.01,1.0,100.0,50.0,275.0,1.0,0.01,1.0,1.0,k1,/Users/cthoyt/dev/notebooks/bit/ms/optimization/input0017/,1
18,0.021544346900318832,1.0,0.01,0.01,1.0,100.0,50.0,275.0,1.0,0.01,1.0,1.0,k1,/Users/cthoyt/dev/notebooks/bit/ms/optimization/input0018/,1
19,0.03593813663804626,1.0,0.01,0.01,1.0,100.0,50.0,275.0,1.0,0.01,1.0,1.0,k1,/Users/cthoyt/dev/notebooks/bit/ms/optimization/input0019/,1
20,0.05994842503189409,1.0,0.01,0.01,1.0,100.0,50.0,275.0,1.0,0.01,1.0,1.0,k1,/Users/cthoyt/dev/notebooks/bit/ms/optimization/input0020/,1
21,0.1,1.0,0.01,0.01,1.0,100.0,50.0,275.0,1.0,0.01,1.0,1.0,k1,/Users/cthoyt/dev/notebooks/bit/ms/optimization/input0021/,1
22,0.02,1.0,0.01,0.01,1.0,100.0,50.0,350.0,1.0,0.01,1.0,1.0,k1,/Users/cthoyt/dev/notebooks/bit/ms/optimization/input0022/,1
23,0.001,1.0,0.01,0.01,1.0,100.0,50.0,350.0,1.0,0.01,1.0,1.0,k1,/Users/cthoyt/dev/notebooks/bit/ms/optimization/input0023/,1
24,0.0016681005372000592,1.0,0.01,0.01,1.0,100.0,50.0,350.0,1.0,0.01,1.0,1.0,k1,/Users/cthoyt/dev/notebooks/bit/ms/optimization/input0024/,1
25,0.0027825594022071257,1.0,0.01,0.01,1.0,100.0,50.0,350.0,1.0,0.01,1.0,1.0,k1,/Users/cthoyt/dev/notebooks/bit/ms/optimization/input0025/,1
26,0.004641588833612777,1.0,0.01,0.01,1.0,100.0,50.0,350.0,1.0,0.01,1.0,1.0,k1,/Users/cthoyt/dev/notebooks/bit/ms/optimization/input0026/,1
27,0.007742636826811269,1.0,0.01,0.01,1.0,100.0,50.0,350.0,1.0,0.01,1.0,1.0,k1,/Users/cthoyt/dev/notebooks/bit/ms/optimization/input0027/,1
28,0.01291549665014884,1.0,0.01,0.01,1.0,100.0,50.0,350.0,1.0,0.01,1.0,1.0,k1,/Users/cthoyt/dev/notebooks/bit/ms/optimization/input0028/,1
29,0.021544346900318832,1.0,0.01,0.01,1.0,100.0,50.0,350.0,1.0,0.01,1.0,1.0,k1,/Users/cthoyt/dev/notebooks/bit/ms/optimization/input0029/,1
30,0.03593813663804626,1.0,0.01,0.01,1.0,100.0,50.0,350.0,1.0,0.01,1.0,1.0,k1,/Users/cthoyt/dev/notebooks/bit/ms/optimization/input0030/,1
31,0.05994842503189409,1.0,0.01,0.01,1.0,100.0,50.0,350.0,1.0,0.01,1.0,1.0,k1,/Users/cthoyt/dev/notebooks/bit/ms/optimization/input0031/,0
32,0.1,1.0,0.01,0.01,1.0,100.0,50.0,350.0,1.0,0.01,1.0,1.0,k1,/Users/cthoyt/dev/notebooks/bit/ms/optimization/input0032/,1
33,0.02,1.0,0.01,0.01,1.0,100.0,50.0,425.0,1.0,0.01,1.0,1.0,k1,/Users/cthoyt/dev/notebooks/bit/ms/optimization/input0033/,2
34,0.001,1.0,0.01,0.01,1.0,100.0,50.0,425.0,1.0,0.01,1.0,1.0,k1,/Users/cthoyt/dev/notebooks/bit/ms/optimization/input0034/,1
35,0.0016681005372000592,1.0,0.01,0.01,1.0,100.0,50.0,425.0,1.0,0.01,1.0,1.0,k1,/Users/cthoyt/dev/notebooks/bit/ms/optimization/input0035/,1
36,0.0027825594022071257,1.0,0.01,0.01,1.0,100.0,50.0,425.0,1.0,0.01,1.0,1.0,k1,/Users/cthoyt/dev/notebooks/bit/ms/optimization/input0036/,1
37,0.004641588833612777,1.0,0.01,0.01,1.0,100.0,50.0,425.0,1.0,0.01,1.0,1.0,k1,/Users/cthoyt/dev/notebooks/bit/ms/optimization/input0037/,1
38,0.007742636826811269,1.0,0.01,0.01,1.0,100.0,50.0,425.0,1.0,0.01,1.0,1.0,k1,/Users/cthoyt/dev/notebooks/bit/ms/optimization/input0038/,1
39,0.01291549665014884,1.0,0.01,0.01,1.0,100.0,50.0,425.0,1.0,0.01,1.0,1.0,k1,/Users/cthoyt/dev/notebooks/bit/ms/optimization/input0039/,3
40,0.021544346900318832,1.0,0.01,0.01,1.0,100.0,50.0,425.0,1.0,0.01,1.0,1.0,k1,/Users/cthoyt/dev/notebooks/bit/ms/optimization/input0040/,3
41,0.03593813663804626,1.0,0.01,0.01,1.0,100.0,50.0,425.0,1.0,0.01,1.0,1.0,k1,/Users/cthoyt/dev/notebooks/bit/ms/optimization/input0041/,3
42,0.05994842503189409,1.0,0.01,0.01,1.0,100.0,50.0,425.0,1.0,0.01,1.0,1.0,k1,/Users/cthoyt/dev/notebooks/bit/ms/optimization/input0042/,3
43,0.1,1.0,0.01,0.01,1.0,100.0,50.0,425.0,1.0,0.01,1.0,1.0,k1,/Users/cthoyt/dev/notebooks/bit/ms/optimization/input0043/,3
44,0.02,1.0,0.01,0.01,1.0,100.0,50.0,500.0,1.0,0.01,1.0,1.0,k1,/Users/cthoyt/dev/notebooks/bit/ms/optimization/input0044/,3
45,0.001,1.0,0.01,0.01,1.0,100.0,50.0,500.0,1.0,0.01,1.0,1.0,k1,/Users/cthoyt/dev/notebooks/bit/ms/optimization/input0045/,1
46,0.0016681005372000592,1.0,0.01,0.01,1.0,100.0,50.0,500.0,1.0,0.01,1.0,1.0,k1,/Users/cthoyt/dev/notebooks/bit/ms/optimization/input0046/,0
47,0.0027825594022071257,1.0,0.01,0.01,1.0,100.0,50.0,500.0,1.0,0.01,1.0,1.0,k1,/Users/cthoyt/dev/notebooks/bit/ms/optimization/input0047/,1
48,0.004641588833612777,1.0,0.01,0.01,1.0,100.0,50.0,500.0,1.0,0.01,1.0,1.0,k1,/Users/cthoyt/dev/notebooks/bit/ms/optimization/input0048/,1
49,0.007742636826811269,1.0,0.01,0.01,1.0,100.0,50.0,500.0,1.0,0.01,1.0,1.0,k1,/Users/cthoyt/dev/notebooks/bit/ms/optimization/input0049/,1
50,0.01291549665014884,1.0,0.01,0.01,1.0,100.0,50.0,500.0,1.0,0.01,1.0,1.0,k1,/Users/cthoyt/dev/notebooks/bit/ms/optimization/input0050/,3
51,0.021544346900318832,1.0,0.01,0.01,1.0,100.0,50.0,500.0,1.0,0.01,1.0,1.0,k1,/Users/cthoyt/dev/notebooks/bit/ms/optimization/input0051/,3
52,0.03593813663804626,1.0,0.01,0.01,1.0,100.0,50.0,500.0,1.0,0.01,1.0,1.0,k1,/Users/cthoyt/dev/notebooks/bit/ms/optimization/input0052/,3
53,0.05994842503189409,1.0,0.01,0.01,1.0,100.0,50.0,500.0,1.0,0.01,1.0,1.0,k1,/Users/cthoyt/dev/notebooks/bit/ms/optimization/input0053/,3
54,0.1,1.0,0.01,0.01,1.0,100.0,50.0,500.0,1.0,0.01,1.0,1.0,k1,/Users/cthoyt/dev/notebooks/bit/ms/optimization/input0054/,3
55,0.02,1.0,0.01,0.01,1.0,100.0,50.0,200.0,1.0,0.01,1.0,1.0,k2,/Users/cthoyt/dev/notebooks/bit/ms/optimization/input0055/,1
56,0.02,1.0,0.01,0.01,1.0,100.0,50.0,200.0,0.1,0.01,1.0,1.0,k2,/Users/cthoyt/dev/notebooks/bit/ms/optimization/input0056/,1
57,0.02,1.0,0.01,0.01,1.0,100.0,50.0,200.0,0.16681005372000587,0.01,1.0,1.0,k2,/Users/cthoyt/dev/notebooks/bit/ms/optimization/input0057/,1
58,0.02,1.0,0.01,0.01,1.0,100.0,50.0,200.0,0.2782559402207124,0.01,1.0,1.0,k2,/Users/cthoyt/dev/notebooks/bit/ms/optimization/input0058/,1
59,0.02,1.0,0.01,0.01,1.0,100.0,50.0,200.0,0.46415888336127786,0.01,1.0,1.0,k2,/Users/cthoyt/dev/notebooks/bit/ms/optimization/input0059/,1
60,0.02,1.0,0.01,0.01,1.0,100.0,50.0,200.0,0.774263682681127,0.01,1.0,1.0,k2,/Users/cthoyt/dev/notebooks/bit/ms/optimization/input0060/,1
61,0.02,1.0,0.01,0.01,1.0,100.0,50.0,200.0,1.291549665014884,0.01,1.0,1.0,k2,/Users/cthoyt/dev/notebooks/bit/ms/optimization/input0061/,1
62,0.02,1.0,0.01,0.01,1.0,100.0,50.0,200.0,2.1544346900318834,0.01,1.0,1.0,k2,/Users/cthoyt/dev/notebooks/bit/ms/optimization/input0062/,1
63,0.02,1.0,0.01,0.01,1.0,100.0,50.0,200.0,3.593813663804626,0.01,1.0,1.0,k2,/Users/cthoyt/dev/notebooks/bit/ms/optimization/input0063/,1
64,0.02,1.0,0.01,0.01,1.0,100.0,50.0,200.0,5.994842503189409,0.01,1.0,1.0,k2,/Users/cthoyt/dev/notebooks/bit/ms/optimization/input0064/,1
65,0.02,1.0,0.01,0.01,1.0,100.0,50.0,200.0,10.0,0.01,1.0,1.0,k2,/Users/cthoyt/dev/notebooks/bit/ms/optimization/input0065/,1
66,0.02,1.0,0.01,0.01,1.0,100.0,50.0,275.0,1.0,0.01,1.0,1.0,k2,/Users/cthoyt/dev/notebooks/bit/ms/optimization/input0066/,1
67,0.02,1.0,0.01,0.01,1.0,100.0,50.0,275.0,0.1,0.01,1.0,1.0,k2,/Users/cthoyt/dev/notebooks/bit/ms/optimization/input0067/,1
68,0.02,1.0,0.01,0.01,1.0,100.0,50.0,275.0,0.16681005372000587,0.01,1.0,1.0,k2,/Users/cthoyt/dev/notebooks/bit/ms/optimization/input0068/,1
69,0.02,1.0,0.01,0.01,1.0,100.0,50.0,275.0,0.2782559402207124,0.01,1.0,1.0,k2,/Users/cthoyt/dev/notebooks/bit/ms/optimization/input0069/,1
70,0.02,1.0,0.01,0.01,1.0,100.0,50.0,275.0,0.46415888336127786,0.01,1.0,1.0,k2,/Users/cthoyt/dev/notebooks/bit/ms/optimization/input0070/,1
71,0.02,1.0,0.01,0.01,1.0,100.0,50.0,275.0,0.774263682681127,0.01,1.0,1.0,k2,/Users/cthoyt/dev/notebooks/bit/ms/optimization/input0071/,1
72,0.02,1.0,0.01,0.01,1.0,100.0,50.0,275.0,1.291549665014884,0.01,1.0,1.0,k2,/Users/cthoyt/dev/notebooks/bit/ms/optimization/input0072/,1
73,0.02,1.0,0.01,0.01,1.0,100.0,50.0,275.0,2.1544346900318834,0.01,1.0,1.0,k2,/Users/cthoyt/dev/notebooks/bit/ms/optimization/input0073/,1
74,0.02,1.0,0.01,0.01,1.0,100.0,50.0,275.0,3.593813663804626,0.01,1.0,1.0,k2,/Users/cthoyt/dev/notebooks/bit/ms/optimization/input0074/,1
75,0.02,1.0,0.01,0.01,1.0,100.0,50.0,275.0,5.994842503189409,0.01,1.0,1.0,k2,/Users/cthoyt/dev/notebooks/bit/ms/optimization/input0075/,1
76,0.02,1.0,0.01,0.01,1.0,100.0,50.0,275.0,10.0,0.01,1.0,1.0,k2,/Users/cthoyt/dev/notebooks/bit/ms/optimization/input0076/,1
77,0.02,1.0,0.01,0.01,1.0,100.0,50.0,350.0,1.0,0.01,1.0,1.0,k2,/Users/cthoyt/dev/notebooks/bit/ms/optimization/input0077/,1
78,0.02,1.0,0.01,0.01,1.0,100.0,50.0,350.0,0.1,0.01,1.0,1.0,k2,/Users/cthoyt/dev/notebooks/bit/ms/optimization/input0078/,1
79,0.02,1.0,0.01,0.01,1.0,100.0,50.0,350.0,0.16681005372000587,0.01,1.0,1.0,k2,/Users/cthoyt/dev/notebooks/bit/ms/optimization/input0079/,1
80,0.02,1.0,0.01,0.01,1.0,100.0,50.0,350.0,0.2782559402207124,0.01,1.0,1.0,k2,/Users/cthoyt/dev/notebooks/bit/ms/optimization/input0080/,1
81,0.02,1.0,0.01,0.01,1.0,100.0,50.0,350.0,0.46415888336127786,0.01,1.0,1.0,k2,/Users/cthoyt/dev/notebooks/bit/ms/optimization/input0081/,1
82,0.02,1.0,0.01,0.01,1.0,100.0,50.0,350.0,0.774263682681127,0.01,1.0,1.0,k2,/Users/cthoyt/dev/notebooks/bit/ms/optimization/input0082/,1
83,0.02,1.0,0.01,0.01,1.0,100.0,50.0,350.0,1.291549665014884,0.01,1.0,1.0,k2,/Users/cthoyt/dev/notebooks/bit/ms/optimization/input0083/,1
84,0.02,1.0,0.01,0.01,1.0,100.0,50.0,350.0,2.1544346900318834,0.01,1.0,1.0,k2,/Users/cthoyt/dev/notebooks/bit/ms/optimization/input0084/,1
85,0.02,1.0,0.01,0.01,1.0,100.0,50.0,350.0,3.593813663804626,0.01,1.0,1.0,k2,/Users/cthoyt/dev/notebooks/bit/ms/optimization/input0085/,1
86,0.02,1.0,0.01,0.01,1.0,100.0,50.0,350.0,5.994842503189409,0.01,1.0,1.0,k2,/Users/cthoyt/dev/notebooks/bit/ms/optimization/input0086/,1
87,0.02,1.0,0.01,0.01,1.0,100.0,50.0,350.0,10.0,0.01,1.0,1.0,k2,/Users/cthoyt/dev/notebooks/bit/ms/optimization/input0087/,1
88,0.02,1.0,0.01,0.01,1.0,100.0,50.0,425.0,1.0,0.01,1.0,1.0,k2,/Users/cthoyt/dev/notebooks/bit/ms/optimization/input0088/,3
89,0.02,1.0,0.01,0.01,1.0,100.0,50.0,425.0,0.1,0.01,1.0,1.0,k2,/Users/cthoyt/dev/notebooks/bit/ms/optimization/input0089/,3
90,0.02,1.0,0.01,0.01,1.0,100.0,50.0,425.0,0.16681005372000587,0.01,1.0,1.0,k2,/Users/cthoyt/dev/notebooks/bit/ms/optimization/input0090/,3
91,0.02,1.0,0.01,0.01,1.0,100.0,50.0,425.0,0.2782559402207124,0.01,1.0,1.0,k2,/Users/cthoyt/dev/notebooks/bit/ms/optimization/input0091/,3
92,0.02,1.0,0.01,0.01,1.0,100.0,50.0,425.0,0.46415888336127786,0.01,1.0,1.0,k2,/Users/cthoyt/dev/notebooks/bit/ms/optimization/input0092/,3
93,0.02,1.0,0.01,0.01,1.0,100.0,50.0,425.0,0.774263682681127,0.01,1.0,1.0,k2,/Users/cthoyt/dev/notebooks/bit/ms/optimization/input0093/,3
94,0.02,1.0,0.01,0.01,1.0,100.0,50.0,425.0,1.291549665014884,0.01,1.0,1.0,k2,/Users/cthoyt/dev/notebooks/bit/ms/optimization/input0094/,3
95,0.02,1.0,0.01,0.01,1.0,100.0,50.0,425.0,2.1544346900318834,0.01,1.0,1.0,k2,/Users/cthoyt/dev/notebooks/bit/ms/optimization/input0095/,3
96,0.02,1.0,0.01,0.01,1.0,100.0,50.0,425.0,3.593813663804626,0.01,1.0,1.0,k2,/Users/cthoyt/dev/notebooks/bit/ms/optimization/input0096/,1
97,0.02,1.0,0.01,0.01,1.0,100.0,50.0,425.0,5.994842503189409,0.01,1.0,1.0,k2,/Users/cthoyt/dev/notebooks/bit/ms/optimization/input0097/,0
98,0.02,1.0,0.01,0.01,1.0,100.0,50.0,425.0,10.0,0.01,1.0,1.0,k2,/Users/cthoyt/dev/notebooks/bit/ms/optimization/input0098/,1
99,0.02,1.0,0.01,0.01,1.0,100.0,50.0,500.0,1.0,0.01,1.0,1.0,k2,/Users/cthoyt/dev/notebooks/bit/ms/optimization/input0099/,3
100,0.02,1.0,0.01,0.01,1.0,100.0,50.0,500.0,0.1,0.01,1.0,1.0,k2,/Users/cthoyt/dev/notebooks/bit/ms/optimization/input0100/,3
101,0.02,1.0,0.01,0.01,1.0,100.0,50.0,500.0,0.16681005372000587,0.01,1.0,1.0,k2,/Users/cthoyt/dev/notebooks/bit/ms/optimization/input0101/,3
102,0.02,1.0,0.01,0.01,1.0,100.0,50.0,500.0,0.2782559402207124,0.01,1.0,1.0,k2,/Users/cthoyt/dev/notebooks/bit/ms/optimization/input0102/,3
103,0.02,1.0,0.01,0.01,1.0,100.0,50.0,500.0,0.46415888336127786,0.01,1.0,1.0,k2,/Users/cthoyt/dev/notebooks/bit/ms/optimization/input0103/,3
104,0.02,1.0,0.01,0.01,1.0,100.0,50.0,500.0,0.774263682681127,0.01,1.0,1.0,k2,/Users/cthoyt/dev/notebooks/bit/ms/optimization/input0104/,3
105,0.02,1.0,0.01,0.01,1.0,100.0,50.0,500.0,1.291549665014884,0.01,1.0,1.0,k2,/Users/cthoyt/dev/notebooks/bit/ms/optimization/input0105/,3
106,0.02,1.0,0.01,0.01,1.0,100.0,50.0,500.0,2.1544346900318834,0.01,1.0,1.0,k2,/Users/cthoyt/dev/notebooks/bit/ms/optimization/input0106/,1
107,0.02,1.0,0.01,0.01,1.0,100.0,50.0,500.0,3.593813663804626,0.01,1.0,1.0,k2,/Users/cthoyt/dev/notebooks/bit/ms/optimization/input0107/,1
108,0.02,1.0,0.01,0.01,1.0,100.0,50.0,500.0,5.994842503189409,0.01,1.0,1.0,k2,/Users/cthoyt/dev/notebooks/bit/ms/optimization/input0108/,1
109,0.02,1.0,0.01,0.01,1.0,100.0,50.0,500.0,10.0,0.01,1.0,1.0,k2,/Users/cthoyt/dev/notebooks/bit/ms/optimization/input0109/,1
110,0.02,1.0,0.01,0.01,1.0,100.0,50.0,200.0,1.0,0.01,1.0,1.0,k3,/Users/cthoyt/dev/notebooks/bit/ms/optimization/input0110/,1
111,0.02,1.0,0.01,0.01,1.0,100.0,50.0,200.0,1.0,0.001,1.0,1.0,k3,/Users/cthoyt/dev/notebooks/bit/ms/optimization/input0111/,1
112,0.02,1.0,0.01,0.01,1.0,100.0,50.0,200.0,1.0,0.0016681005372000592,1.0,1.0,k3,/Users/cthoyt/dev/notebooks/bit/ms/optimization/input0112/,1
113,0.02,1.0,0.01,0.01,1.0,100.0,50.0,200.0,1.0,0.0027825594022071257,1.0,1.0,k3,/Users/cthoyt/dev/notebooks/bit/ms/optimization/input0113/,1
114,0.02,1.0,0.01,0.01,1.0,100.0,50.0,200.0,1.0,0.004641588833612777,1.0,1.0,k3,/Users/cthoyt/dev/notebooks/bit/ms/optimization/input0114/,1
115,0.02,1.0,0.01,0.01,1.0,100.0,50.0,200.0,1.0,0.007742636826811269,1.0,1.0,k3,/Users/cthoyt/dev/notebooks/bit/ms/optimization/input0115/,1
116,0.02,1.0,0.01,0.01,1.0,100.0,50.0,200.0,1.0,0.01291549665014884,1.0,1.0,k3,/Users/cthoyt/dev/notebooks/bit/ms/optimization/input0116/,1
117,0.02,1.0,0.01,0.01,1.0,100.0,50.0,200.0,1.0,0.021544346900318832,1.0,1.0,k3,/Users/cthoyt/dev/notebooks/bit/ms/optimization/input0117/,1
118,0.02,1.0,0.01,0.01,1.0,100.0,50.0,200.0,1.0,0.03593813663804626,1.0,1.0,k3,/Users/cthoyt/dev/notebooks/bit/ms/optimization/input0118/,1
119,0.02,1.0,0.01,0.01,1.0,100.0,50.0,200.0,1.0,0.05994842503189409,1.0,1.0,k3,/Users/cthoyt/dev/notebooks/bit/ms/optimization/input0119/,1
120,0.02,1.0,0.01,0.01,1.0,100.0,50.0,200.0,1.0,0.1,1.0,1.0,k3,/Users/cthoyt/dev/notebooks/bit/ms/optimization/input0120/,1
121,0.02,1.0,0.01,0.01,1.0,100.0,50.0,275.0,1.0,0.01,1.0,1.0,k3,/Users/cthoyt/dev/notebooks/bit/ms/optimization/input0121/,1
122,0.02,1.0,0.01,0.01,1.0,100.0,50.0,275.0,1.0,0.001,1.0,1.0,k3,/Users/cthoyt/dev/notebooks/bit/ms/optimization/input0122/,1
123,0.02,1.0,0.01,0.01,1.0,100.0,50.0,275.0,1.0,0.0016681005372000592,1.0,1.0,k3,/Users/cthoyt/dev/notebooks/bit/ms/optimization/input0123/,1
124,0.02,1.0,0.01,0.01,1.0,100.0,50.0,275.0,1.0,0.0027825594022071257,1.0,1.0,k3,/Users/cthoyt/dev/notebooks/bit/ms/optimization/input0124/,1
125,0.02,1.0,0.01,0.01,1.0,100.0,50.0,275.0,1.0,0.004641588833612777,1.0,1.0,k3,/Users/cthoyt/dev/notebooks/bit/ms/optimization/input0125/,1
126,0.02,1.0,0.01,0.01,1.0,100.0,50.0,275.0,1.0,0.007742636826811269,1.0,1.0,k3,/Users/cthoyt/dev/notebooks/bit/ms/optimization/input0126/,1
127,0.02,1.0,0.01,0.01,1.0,100.0,50.0,275.0,1.0,0.01291549665014884,1.0,1.0,k3,/Users/cthoyt/dev/notebooks/bit/ms/optimization/input0127/,1
128,0.02,1.0,0.01,0.01,1.0,100.0,50.0,275.0,1.0,0.021544346900318832,1.0,1.0,k3,/Users/cthoyt/dev/notebooks/bit/ms/optimization/input0128/,1
129,0.02,1.0,0.01,0.01,1.0,100.0,50.0,275.0,1.0,0.03593813663804626,1.0,1.0,k3,/Users/cthoyt/dev/notebooks/bit/ms/optimization/input0129/,1
130,0.02,1.0,0.01,0.01,1.0,100.0,50.0,275.0,1.0,0.05994842503189409,1.0,1.0,k3,/Users/cthoyt/dev/notebooks/bit/ms/optimization/input0130/,1
131,0.02,1.0,0.01,0.01,1.0,100.0,50.0,275.0,1.0,0.1,1.0,1.0,k3,/Users/cthoyt/dev/notebooks/bit/ms/optimization/input0131/,1
132,0.02,1.0,0.01,0.01,1.0,100.0,50.0,350.0,1.0,0.01,1.0,1.0,k3,/Users/cthoyt/dev/notebooks/bit/ms/optimization/input0132/,1
133,0.02,1.0,0.01,0.01,1.0,100.0,50.0,350.0,1.0,0.001,1.0,1.0,k3,/Users/cthoyt/dev/notebooks/bit/ms/optimization/input0133/,1
134,0.02,1.0,0.01,0.01,1.0,100.0,50.0,350.0,1.0,0.0016681005372000592,1.0,1.0,k3,/Users/cthoyt/dev/notebooks/bit/ms/optimization/input0134/,1
135,0.02,1.0,0.01,0.01,1.0,100.0,50.0,350.0,1.0,0.0027825594022071257,1.0,1.0,k3,/Users/cthoyt/dev/notebooks/bit/ms/optimization/input0135/,1
136,0.02,1.0,0.01,0.01,1.0,100.0,50.0,350.0,1.0,0.004641588833612777,1.0,1.0,k3,/Users/cthoyt/dev/notebooks/bit/ms/optimization/input0136/,1
137,0.02,1.0,0.01,0.01,1.0,100.0,50.0,350.0,1.0,0.007742636826811269,1.0,1.0,k3,/Users/cthoyt/dev/notebooks/bit/ms/optimization/input0137/,1
138,0.02,1.0,0.01,0.01,1.0,100.0,50.0,350.0,1.0,0.01291549665014884,1.0,1.0,k3,/Users/cthoyt/dev/notebooks/bit/ms/optimization/input0138/,3
139,0.02,1.0,0.01,0.01,1.0,100.0,50.0,350.0,1.0,0.021544346900318832,1.0,1.0,k3,/Users/cthoyt/dev/notebooks/bit/ms/optimization/input0139/,1
140,0.02,1.0,0.01,0.01,1.0,100.0,50.0,350.0,1.0,0.03593813663804626,1.0,1.0,k3,/Users/cthoyt/dev/notebooks/bit/ms/optimization/input0140/,1
141,0.02,1.0,0.01,0.01,1.0,100.0,50.0,350.0,1.0,0.05994842503189409,1.0,1.0,k3,/Users/cthoyt/dev/notebooks/bit/ms/optimization/input0141/,1
142,0.02,1.0,0.01,0.01,1.0,100.0,50.0,350.0,1.0,0.1,1.0,1.0,k3,/Users/cthoyt/dev/notebooks/bit/ms/optimization/input0142/,1
143,0.02,1.0,0.01,0.01,1.0,100.0,50.0,425.0,1.0,0.01,1.0,1.0,k3,/Users/cthoyt/dev/notebooks/bit/ms/optimization/input0143/,3
144,0.02,1.0,0.01,0.01,1.0,100.0,50.0,425.0,1.0,0.001,1.0,1.0,k3,/Users/cthoyt/dev/notebooks/bit/ms/optimization/input0144/,1
145,0.02,1.0,0.01,0.01,1.0,100.0,50.0,425.0,1.0,0.0016681005372000592,1.0,1.0,k3,/Users/cthoyt/dev/notebooks/bit/ms/optimization/input0145/,1
146,0.02,1.0,0.01,0.01,1.0,100.0,50.0,425.0,1.0,0.0027825594022071257,1.0,1.0,k3,/Users/cthoyt/dev/notebooks/bit/ms/optimization/input0146/,1
147,0.02,1.0,0.01,0.01,1.0,100.0,50.0,425.0,1.0,0.004641588833612777,1.0,1.0,k3,/Users/cthoyt/dev/notebooks/bit/ms/optimization/input0147/,1
148,0.02,1.0,0.01,0.01,1.0,100.0,50.0,425.0,1.0,0.007742636826811269,1.0,1.0,k3,/Users/cthoyt/dev/notebooks/bit/ms/optimization/input0148/,1
149,0.02,1.0,0.01,0.01,1.0,100.0,50.0,425.0,1.0,0.01291549665014884,1.0,1.0,k3,/Users/cthoyt/dev/notebooks/bit/ms/optimization/input0149/,3
150,0.02,1.0,0.01,0.01,1.0,100.0,50.0,425.0,1.0,0.021544346900318832,1.0,1.0,k3,/Users/cthoyt/dev/notebooks/bit/ms/optimization/input0150/,1
151,0.02,1.0,0.01,0.01,1.0,100.0,50.0,425.0,1.0,0.03593813663804626,1.0,1.0,k3,/Users/cthoyt/dev/notebooks/bit/ms/optimization/input0151/,1
152,0.02,1.0,0.01,0.01,1.0,100.0,50.0,425.0,1.0,0.05994842503189409,1.0,1.0,k3,/Users/cthoyt/dev/notebooks/bit/ms/optimization/input0152/,1
153,0.02,1.0,0.01,0.01,1.0,100.0,50.0,425.0,1.0,0.1,1.0,1.0,k3,/Users/cthoyt/dev/notebooks/bit/ms/optimization/input0153/,1
154,0.02,1.0,0.01,0.01,1.0,100.0,50.0,500.0,1.0,0.01,1.0,1.0,k3,/Users/cthoyt/dev/notebooks/bit/ms/optimization/input0154/,3
155,0.02,1.0,0.01,0.01,1.0,100.0,50.0,500.0,1.0,0.001,1.0,1.0,k3,/Users/cthoyt/dev/notebooks/bit/ms/optimization/input0155/,1
156,0.02,1.0,0.01,0.01,1.0,100.0,50.0,500.0,1.0,0.0016681005372000592,1.0,1.0,k3,/Users/cthoyt/dev/notebooks/bit/ms/optimization/input0156/,1
157,0.02,1.0,0.01,0.01,1.0,100.0,50.0,500.0,1.0,0.0027825594022071257,1.0,1.0,k3,/Users/cthoyt/dev/notebooks/bit/ms/optimization/input0157/,1
158,0.02,1.0,0.01,0.01,1.0,100.0,50.0,500.0,1.0,0.004641588833612777,1.0,1.0,k3,/Users/cthoyt/dev/notebooks/bit/ms/optimization/input0158/,1
159,0.02,1.0,0.01,0.01,1.0,100.0,50.0,500.0,1.0,0.007742636826811269,1.0,1.0,k3,/Users/cthoyt/dev/notebooks/bit/ms/optimization/input0159/,1
160,0.02,1.0,0.01,0.01,1.0,100.0,50.0,500.0,1.0,0.01291549665014884,1.0,1.0,k3,/Users/cthoyt/dev/notebooks/bit/ms/optimization/input0160/,3
161,0.02,1.0,0.01,0.01,1.0,100.0,50.0,500.0,1.0,0.021544346900318832,1.0,1.0,k3,/Users/cthoyt/dev/notebooks/bit/ms/optimization/input0161/,1
162,0.02,1.0,0.01,0.01,1.0,100.0,50.0,500.0,1.0,0.03593813663804626,1.0,1.0,k3,/Users/cthoyt/dev/notebooks/bit/ms/optimization/input0162/,1
163,0.02,1.0,0.01,0.01,1.0,100.0,50.0,500.0,1.0,0.05994842503189409,1.0,1.0,k3,/Users/cthoyt/dev/notebooks/bit/ms/optimization/input0163/,1
164,0.02,1.0,0.01,0.01,1.0,100.0,50.0,500.0,1.0,0.1,1.0,1.0,k3,/Users/cthoyt/dev/notebooks/bit/ms/optimization/input0164/,1
165,0.02,1.0,0.01,0.01,1.0,100.0,50.0,200.0,1.0,0.01,1.0,1.0,k5,/Users/cthoyt/dev/notebooks/bit/ms/optimization/input0165/,1
166,0.02,1.0,0.01,0.01,1.0,100.0,50.0,200.0,1.0,0.01,0.1,1.0,k5,/Users/cthoyt/dev/notebooks/bit/ms/optimization/input0166/,1
167,0.02,1.0,0.01,0.01,1.0,100.0,50.0,200.0,1.0,0.01,0.16681005372000587,1.0,k5,/Users/cthoyt/dev/notebooks/bit/ms/optimization/input0167/,1
168,0.02,1.0,0.01,0.01,1.0,100.0,50.0,200.0,1.0,0.01,0.2782559402207124,1.0,k5,/Users/cthoyt/dev/notebooks/bit/ms/optimization/input0168/,1
169,0.02,1.0,0.01,0.01,1.0,100.0,50.0,200.0,1.0,0.01,0.46415888336127786,1.0,k5,/Users/cthoyt/dev/notebooks/bit/ms/optimization/input0169/,1
170,0.02,1.0,0.01,0.01,1.0,100.0,50.0,200.0,1.0,0.01,0.774263682681127,1.0,k5,/Users/cthoyt/dev/notebooks/bit/ms/optimization/input0170/,1
171,0.02,1.0,0.01,0.01,1.0,100.0,50.0,200.0,1.0,0.01,1.291549665014884,1.0,k5,/Users/cthoyt/dev/notebooks/bit/ms/optimization/input0171/,1
172,0.02,1.0,0.01,0.01,1.0,100.0,50.0,200.0,1.0,0.01,2.1544346900318834,1.0,k5,/Users/cthoyt/dev/notebooks/bit/ms/optimization/input0172/,1
173,0.02,1.0,0.01,0.01,1.0,100.0,50.0,200.0,1.0,0.01,3.593813663804626,1.0,k5,/Users/cthoyt/dev/notebooks/bit/ms/optimization/input0173/,1
174,0.02,1.0,0.01,0.01,1.0,100.0,50.0,200.0,1.0,0.01,5.994842503189409,1.0,k5,/Users/cthoyt/dev/notebooks/bit/ms/optimization/input0174/,1
175,0.02,1.0,0.01,0.01,1.0,100.0,50.0,200.0,1.0,0.01,10.0,1.0,k5,/Users/cthoyt/dev/notebooks/bit/ms/optimization/input0175/,1
176,0.02,1.0,0.01,0.01,1.0,100.0,50.0,275.0,1.0,0.01,1.0,1.0,k5,/Users/cthoyt/dev/notebooks/bit/ms/optimization/input0176/,1
177,0.02,1.0,0.01,0.01,1.0,100.0,50.0,275.0,1.0,0.01,0.1,1.0,k5,/Users/cthoyt/dev/notebooks/bit/ms/optimization/input0177/,1
178,0.02,1.0,0.01,0.01,1.0,100.0,50.0,275.0,1.0,0.01,0.16681005372000587,1.0,k5,/Users/cthoyt/dev/notebooks/bit/ms/optimization/input0178/,1
179,0.02,1.0,0.01,0.01,1.0,100.0,50.0,275.0,1.0,0.01,0.2782559402207124,1.0,k5,/Users/cthoyt/dev/notebooks/bit/ms/optimization/input0179/,1
180,0.02,1.0,0.01,0.01,1.0,100.0,50.0,275.0,1.0,0.01,0.46415888336127786,1.0,k5,/Users/cthoyt/dev/notebooks/bit/ms/optimization/input0180/,1
181,0.02,1.0,0.01,0.01,1.0,100.0,50.0,275.0,1.0,0.01,0.774263682681127,1.0,k5,/Users/cthoyt/dev/notebooks/bit/ms/optimization/input0181/,1
182,0.02,1.0,0.01,0.01,1.0,100.0,50.0,275.0,1.0,0.01,1.291549665014884,1.0,k5,/Users/cthoyt/dev/notebooks/bit/ms/optimization/input0182/,1
183,0.02,1.0,0.01,0.01,1.0,100.0,50.0,275.0,1.0,0.01,2.1544346900318834,1.0,k5,/Users/cthoyt/dev/notebooks/bit/ms/optimization/input0183/,1
184,0.02,1.0,0.01,0.01,1.0,100.0,50.0,275.0,1.0,0.01,3.593813663804626,1.0,k5,/Users/cthoyt/dev/notebooks/bit/ms/optimization/input0184/,1
185,0.02,1.0,0.01,0.01,1.0,100.0,50.0,275.0,1.0,0.01,5.994842503189409,1.0,k5,/Users/cthoyt/dev/notebooks/bit/ms/optimization/input0185/,1
186,0.02,1.0,0.01,0.01,1.0,100.0,50.0,275.0,1.0,0.01,10.0,1.0,k5,/Users/cthoyt/dev/notebooks/bit/ms/optimization/input0186/,1
187,0.02,1.0,0.01,0.01,1.0,100.0,50.0,350.0,1.0,0.01,1.0,1.0,k5,/Users/cthoyt/dev/notebooks/bit/ms/optimization/input0187/,1
188,0.02,1.0,0.01,0.01,1.0,100.0,50.0,350.0,1.0,0.01,0.1,1.0,k5,/Users/cthoyt/dev/notebooks/bit/ms/optimization/input0188/,1
189,0.02,1.0,0.01,0.01,1.0,100.0,50.0,350.0,1.0,0.01,0.16681005372000587,1.0,k5,/Users/cthoyt/dev/notebooks/bit/ms/optimization/input0189/,1
190,0.02,1.0,0.01,0.01,1.0,100.0,50.0,350.0,1.0,0.01,0.2782559402207124,1.0,k5,/Users/cthoyt/dev/notebooks/bit/ms/optimization/input0190/,1
191,0.02,1.0,0.01,0.01,1.0,100.0,50.0,350.0,1.0,0.01,0.46415888336127786,1.0,k5,/Users/cthoyt/dev/notebooks/bit/ms/optimization/input0191/,1
192,0.02,1.0,0.01,0.01,1.0,100.0,50.0,350.0,1.0,0.01,0.774263682681127,1.0,k5,/Users/cthoyt/dev/notebooks/bit/ms/optimization/input0192/,1
193,0.02,1.0,0.01,0.01,1.0,100.0,50.0,350.0,1.0,0.01,1.291549665014884,1.0,k5,/Users/cthoyt/dev/notebooks/bit/ms/optimization/input0193/,1
194,0.02,1.0,0.01,0.01,1.0,100.0,50.0,350.0,1.0,0.01,2.1544346900318834,1.0,k5,/Users/cthoyt/dev/notebooks/bit/ms/optimization/input0194/,1
195,0.02,1.0,0.01,0.01,1.0,100.0,50.0,350.0,1.0,0.01,3.593813663804626,1.0,k5,/Users/cthoyt/dev/notebooks/bit/ms/optimization/input0195/,1
196,0.02,1.0,0.01,0.01,1.0,100.0,50.0,350.0,1.0,0.01,5.994842503189409,1.0,k5,/Users/cthoyt/dev/notebooks/bit/ms/optimization/input0196/,1
197,0.02,1.0,0.01,0.01,1.0,100.0,50.0,350.0,1.0,0.01,10.0,1.0,k5,/Users/cthoyt/dev/notebooks/bit/ms/optimization/input0197/,1
198,0.02,1.0,0.01,0.01,1.0,100.0,50.0,425.0,1.0,0.01,1.0,1.0,k5,/Users/cthoyt/dev/notebooks/bit/ms/optimization/input0198/,3
199,0.02,1.0,0.01,0.01,1.0,100.0,50.0,425.0,1.0,0.01,0.1,1.0,k5,/Users/cthoyt/dev/notebooks/bit/ms/optimization/input0199/,3
200,0.02,1.0,0.01,0.01,1.0,100.0,50.0,425.0,1.0,0.01,0.16681005372000587,1.0,k5,/Users/cthoyt/dev/notebooks/bit/ms/optimization/input0200/,3
201,0.02,1.0,0.01,0.01,1.0,100.0,50.0,425.0,1.0,0.01,0.2782559402207124,1.0,k5,/Users/cthoyt/dev/notebooks/bit/ms/optimization/input0201/,3
202,0.02,1.0,0.01,0.01,1.0,100.0,50.0,425.0,1.0,0.01,0.46415888336127786,1.0,k5,/Users/cthoyt/dev/notebooks/bit/ms/optimization/input0202/,3
203,0.02,1.0,0.01,0.01,1.0,100.0,50.0,425.0,1.0,0.01,0.774263682681127,1.0,k5,/Users/cthoyt/dev/notebooks/bit/ms/optimization/input0203/,3
204,0.02,1.0,0.01,0.01,1.0,100.0,50.0,425.0,1.0,0.01,1.291549665014884,1.0,k5,/Users/cthoyt/dev/notebooks/bit/ms/optimization/input0204/,3
205,0.02,1.0,0.01,0.01,1.0,100.0,50.0,425.0,1.0,0.01,2.1544346900318834,1.0,k5,/Users/cthoyt/dev/notebooks/bit/ms/optimization/input0205/,1
206,0.02,1.0,0.01,0.01,1.0,100.0,50.0,425.0,1.0,0.01,3.593813663804626,1.0,k5,/Users/cthoyt/dev/notebooks/bit/ms/optimization/input0206/,1
207,0.02,1.0,0.01,0.01,1.0,100.0,50.0,425.0,1.0,0.01,5.994842503189409,1.0,k5,/Users/cthoyt/dev/notebooks/bit/ms/optimization/input0207/,1
208,0.02,1.0,0.01,0.01,1.0,100.0,50.0,425.0,1.0,0.01,10.0,1.0,k5,/Users/cthoyt/dev/notebooks/bit/ms/optimization/input0208/,1
209,0.02,1.0,0.01,0.01,1.0,100.0,50.0,500.0,1.0,0.01,1.0,1.0,k5,/Users/cthoyt/dev/notebooks/bit/ms/optimization/input0209/,3
210,0.02,1.0,0.01,0.01,1.0,100.0,50.0,500.0,1.0,0.01,0.1,1.0,k5,/Users/cthoyt/dev/notebooks/bit/ms/optimization/input0210/,3
211,0.02,1.0,0.01,0.01,1.0,100.0,50.0,500.0,1.0,0.01,0.16681005372000587,1.0,k5,/Users/cthoyt/dev/notebooks/bit/ms/optimization/input0211/,3
212,0.02,1.0,0.01,0.01,1.0,100.0,50.0,500.0,1.0,0.01,0.2782559402207124,1.0,k5,/Users/cthoyt/dev/notebooks/bit/ms/optimization/input0212/,3
213,0.02,1.0,0.01,0.01,1.0,100.0,50.0,500.0,1.0,0.01,0.46415888336127786,1.0,k5,/Users/cthoyt/dev/notebooks/bit/ms/optimization/input0213/,2
214,0.02,1.0,0.01,0.01,1.0,100.0,50.0,500.0,1.0,0.01,0.774263682681127,1.0,k5,/Users/cthoyt/dev/notebooks/bit/ms/optimization/input0214/,3
215,0.02,1.0,0.01,0.01,1.0,100.0,50.0,500.0,1.0,0.01,1.291549665014884,1.0,k5,/Users/cthoyt/dev/notebooks/bit/ms/optimization/input0215/,3
216,0.02,1.0,0.01,0.01,1.0,100.0,50.0,500.0,1.0,0.01,2.1544346900318834,1.0,k5,/Users/cthoyt/dev/notebooks/bit/ms/optimization/input0216/,3
217,0.02,1.0,0.01,0.01,1.0,100.0,50.0,500.0,1.0,0.01,3.593813663804626,1.0,k5,/Users/cthoyt/dev/notebooks/bit/ms/optimization/input0217/,3
218,0.02,1.0,0.01,0.01,1.0,100.0,50.0,500.0,1.0,0.01,5.994842503189409,1.0,k5,/Users/cthoyt/dev/notebooks/bit/ms/optimization/input0218/,1
219,0.02,1.0,0.01,0.01,1.0,100.0,50.0,500.0,1.0,0.01,10.0,1.0,k5,/Users/cthoyt/dev/notebooks/bit/ms/optimization/input0219/,1
220,0.02,1.0,0.01,0.01,1.0,100.0,50.0,200.0,1.0,0.01,1.0,1.0,k8,/Users/cthoyt/dev/notebooks/bit/ms/optimization/input0220/,1
221,0.02,1.0,0.01,0.01,1.0,100.0,50.0,200.0,1.0,0.01,1.0,0.1,k8,/Users/cthoyt/dev/notebooks/bit/ms/optimization/input0221/,3
222,0.02,1.0,0.01,0.01,1.0,100.0,50.0,200.0,1.0,0.01,1.0,0.16681005372000587,k8,/Users/cthoyt/dev/notebooks/bit/ms/optimization/input0222/,1
223,0.02,1.0,0.01,0.01,1.0,100.0,50.0,200.0,1.0,0.01,1.0,0.2782559402207124,k8,/Users/cthoyt/dev/notebooks/bit/ms/optimization/input0223/,1
224,0.02,1.0,0.01,0.01,1.0,100.0,50.0,200.0,1.0,0.01,1.0,0.46415888336127786,k8,/Users/cthoyt/dev/notebooks/bit/ms/optimization/input0224/,1
225,0.02,1.0,0.01,0.01,1.0,100.0,50.0,200.0,1.0,0.01,1.0,0.774263682681127,k8,/Users/cthoyt/dev/notebooks/bit/ms/optimization/input0225/,1
226,0.02,1.0,0.01,0.01,1.0,100.0,50.0,200.0,1.0,0.01,1.0,1.291549665014884,k8,/Users/cthoyt/dev/notebooks/bit/ms/optimization/input0226/,1
227,0.02,1.0,0.01,0.01,1.0,100.0,50.0,200.0,1.0,0.01,1.0,2.1544346900318834,k8,/Users/cthoyt/dev/notebooks/bit/ms/optimization/input0227/,1
228,0.02,1.0,0.01,0.01,1.0,100.0,50.0,200.0,1.0,0.01,1.0,3.593813663804626,k8,/Users/cthoyt/dev/notebooks/bit/ms/optimization/input0228/,1
229,0.02,1.0,0.01,0.01,1.0,100.0,50.0,200.0,1.0,0.01,1.0,5.994842503189409,k8,/Users/cthoyt/dev/notebooks/bit/ms/optimization/input0229/,1
230,0.02,1.0,0.01,0.01,1.0,100.0,50.0,200.0,1.0,0.01,1.0,10.0,k8,/Users/cthoyt/dev/notebooks/bit/ms/optimization/input0230/,1
231,0.02,1.0,0.01,0.01,1.0,100.0,50.0,275.0,1.0,0.01,1.0,1.0,k8,/Users/cthoyt/dev/notebooks/bit/ms/optimization/input0231/,1
232,0.02,1.0,0.01,0.01,1.0,100.0,50.0,275.0,1.0,0.01,1.0,0.1,k8,/Users/cthoyt/dev/notebooks/bit/ms/optimization/input0232/,3
233,0.02,1.0,0.01,0.01,1.0,100.0,50.0,275.0,1.0,0.01,1.0,0.16681005372000587,k8,/Users/cthoyt/dev/notebooks/bit/ms/optimization/input0233/,3
234,0.02,1.0,0.01,0.01,1.0,100.0,50.0,275.0,1.0,0.01,1.0,0.2782559402207124,k8,/Users/cthoyt/dev/notebooks/bit/ms/optimization/input0234/,3
235,0.02,1.0,0.01,0.01,1.0,100.0,50.0,275.0,1.0,0.01,1.0,0.46415888336127786,k8,/Users/cthoyt/dev/notebooks/bit/ms/optimization/input0235/,1
236,0.02,1.0,0.01,0.01,1.0,100.0,50.0,275.0,1.0,0.01,1.0,0.774263682681127,k8,/Users/cthoyt/dev/notebooks/bit/ms/optimization/input0236/,1
237,0.02,1.0,0.01,0.01,1.0,100.0,50.0,275.0,1.0,0.01,1.0,1.291549665014884,k8,/Users/cthoyt/dev/notebooks/bit/ms/optimization/input0237/,1
238,0.02,1.0,0.01,0.01,1.0,100.0,50.0,275.0,1.0,0.01,1.0,2.1544346900318834,k8,/Users/cthoyt/dev/notebooks/bit/ms/optimization/input0238/,1
239,0.02,1.0,0.01,0.01,1.0,100.0,50.0,275.0,1.0,0.01,1.0,3.593813663804626,k8,/Users/cthoyt/dev/notebooks/bit/ms/optimization/input0239/,1
240,0.02,1.0,0.01,0.01,1.0,100.0,50.0,275.0,1.0,0.01,1.0,5.994842503189409,k8,/Users/cthoyt/dev/notebooks/bit/ms/optimization/input0240/,1
241,0.02,1.0,0.01,0.01,1.0,100.0,50.0,275.0,1.0,0.01,1.0,10.0,k8,/Users/cthoyt/dev/notebooks/bit/ms/optimization/input0241/,0
242,0.02,1.0,0.01,0.01,1.0,100.0,50.0,350.0,1.0,0.01,1.0,1.0,k8,/Users/cthoyt/dev/notebooks/bit/ms/optimization/input0242/,1
243,0.02,1.0,0.01,0.01,1.0,100.0,50.0,350.0,1.0,0.01,1.0,0.1,k8,/Users/cthoyt/dev/notebooks/bit/ms/optimization/input0243/,3
244,0.02,1.0,0.01,0.01,1.0,100.0,50.0,350.0,1.0,0.01,1.0,0.16681005372000587,k8,/Users/cthoyt/dev/notebooks/bit/ms/optimization/input0244/,3
245,0.02,1.0,0.01,0.01,1.0,100.0,50.0,350.0,1.0,0.01,1.0,0.2782559402207124,k8,/Users/cthoyt/dev/notebooks/bit/ms/optimization/input0245/,3
246,0.02,1.0,0.01,0.01,1.0,100.0,50.0,350.0,1.0,0.01,1.0,0.46415888336127786,k8,/Users/cthoyt/dev/notebooks/bit/ms/optimization/input0246/,3
247,0.02,1.0,0.01,0.01,1.0,100.0,50.0,350.0,1.0,0.01,1.0,0.774263682681127,k8,/Users/cthoyt/dev/notebooks/bit/ms/optimization/input0247/,1
248,0.02,1.0,0.01,0.01,1.0,100.0,50.0,350.0,1.0,0.01,1.0,1.291549665014884,k8,/Users/cthoyt/dev/notebooks/bit/ms/optimization/input0248/,1
249,0.02,1.0,0.01,0.01,1.0,100.0,50.0,350.0,1.0,0.01,1.0,2.1544346900318834,k8,/Users/cthoyt/dev/notebooks/bit/ms/optimization/input0249/,1
250,0.02,1.0,0.01,0.01,1.0,100.0,50.0,350.0,1.0,0.01,1.0,3.593813663804626,k8,/Users/cthoyt/dev/notebooks/bit/ms/optimization/input0250/,1
251,0.02,1.0,0.01,0.01,1.0,100.0,50.0,350.0,1.0,0.01,1.0,5.994842503189409,k8,/Users/cthoyt/dev/notebooks/bit/ms/optimization/input0251/,1
252,0.02,1.0,0.01,0.01,1.0,100.0,50.0,350.0,1.0,0.01,1.0,10.0,k8,/Users/cthoyt/dev/notebooks/bit/ms/optimization/input0252/,1
253,0.02,1.0,0.01,0.01,1.0,100.0,50.0,425.0,1.0,0.01,1.0,1.0,k8,/Users/cthoyt/dev/notebooks/bit/ms/optimization/input0253/,3
254,0.02,1.0,0.01,0.01,1.0,100.0,50.0,425.0,1.0,0.01,1.0,0.1,k8,/Users/cthoyt/dev/notebooks/bit/ms/optimization/input0254/,3
255,0.02,1.0,0.01,0.01,1.0,100.0,50.0,425.0,1.0,0.01,1.0,0.16681005372000587,k8,/Users/cthoyt/dev/notebooks/bit/ms/optimization/input0255/,3
256,0.02,1.0,0.01,0.01,1.0,100.0,50.0,425.0,1.0,0.01,1.0,0.2782559402207124,k8,/Users/cthoyt/dev/notebooks/bit/ms/optimization/input0256/,3
257,0.02,1.0,0.01,0.01,1.0,100.0,50.0,425.0,1.0,0.01,1.0,0.46415888336127786,k8,/Users/cthoyt/dev/notebooks/bit/ms/optimization/input0257/,3
258,0.02,1.0,0.01,0.01,1.0,100.0,50.0,425.0,1.0,0.01,1.0,0.774263682681127,k8,/Users/cthoyt/dev/notebooks/bit/ms/optimization/input0258/,3
259,0.02,1.0,0.01,0.01,1.0,100.0,50.0,425.0,1.0,0.01,1.0,1.291549665014884,k8,/Users/cthoyt/dev/notebooks/bit/ms/optimization/input0259/,1
260,0.02,1.0,0.01,0.01,1.0,100.0,50.0,425.0,1.0,0.01,1.0,2.1544346900318834,k8,/Users/cthoyt/dev/notebooks/bit/ms/optimization/input0260/,1
261,0.02,1.0,0.01,0.01,1.0,100.0,50.0,425.0,1.0,0.01,1.0,3.593813663804626,k8,/Users/cthoyt/dev/notebooks/bit/ms/optimization/input0261/,1
262,0.02,1.0,0.01,0.01,1.0,100.0,50.0,425.0,1.0,0.01,1.0,5.994842503189409,k8,/Users/cthoyt/dev/notebooks/bit/ms/optimization/input0262/,1
263,0.02,1.0,0.01,0.01,1.0,100.0,50.0,425.0,1.0,0.01,1.0,10.0,k8,/Users/cthoyt/dev/notebooks/bit/ms/optimization/input0263/,1
264,0.02,1.0,0.01,0.01,1.0,100.0,50.0,500.0,1.0,0.01,1.0,1.0,k8,/Users/cthoyt/dev/notebooks/bit/ms/optimization/input0264/,3
265,0.02,1.0,0.01,0.01,1.0,100.0,50.0,500.0,1.0,0.01,1.0,0.1,k8,/Users/cthoyt/dev/notebooks/bit/ms/optimization/input0265/,3
266,0.02,1.0,0.01,0.01,1.0,100.0,50.0,500.0,1.0,0.01,1.0,0.16681005372000587,k8,/Users/cthoyt/dev/notebooks/bit/ms/optimization/input0266/,3
267,0.02,1.0,0.01,0.01,1.0,100.0,50.0,500.0,1.0,0.01,1.0,0.2782559402207124,k8,/Users/cthoyt/dev/notebooks/bit/ms/optimization/input0267/,3
268,0.02,1.0,0.01,0.01,1.0,100.0,50.0,500.0,1.0,0.01,1.0,0.46415888336127786,k8,/Users/cthoyt/dev/notebooks/bit/ms/optimization/input0268/,3
269,0.02,1.0,0.01,0.01,1.0,100.0,50.0,500.0,1.0,0.01,1.0,0.774263682681127,k8,/Users/cthoyt/dev/notebooks/bit/ms/optimization/input0269/,3
270,0.02,1.0,0.01,0.01,1.0,100.0,50.0,500.0,1.0,0.01,1.0,1.291549665014884,k8,/Users/cthoyt/dev/notebooks/bit/ms/optimization/input0270/,3
271,0.02,1.0,0.01,0.01,1.0,100.0,50.0,500.0,1.0,0.01,1.0,2.1544346900318834,k8,/Users/cthoyt/dev/notebooks/bit/ms/optimization/input0271/,1
272,0.02,1.0,0.01,0.01,1.0,100.0,50.0,500.0,1.0,0.01,1.0,3.593813663804626,k8,/Users/cthoyt/dev/notebooks/bit/ms/optimization/input0272/,1
273,0.02,1.0,0.01,0.01,1.0,100.0,50.0,500.0,1.0,0.01,1.0,5.994842503189409,k8,/Users/cthoyt/dev/notebooks/bit/ms/optimization/input0273/,1
274,0.02,1.0,0.01,0.01,1.0,100.0,50.0,500.0,1.0,0.01,1.0,10.0,k8,/Users/cthoyt/dev/notebooks/bit/ms/optimization/input0274/,1
275,0.02,1.0,0.01,0.01,1.0,100.0,50.0,200.0,1.0,0.01,1.0,1.0,k10,/Users/cthoyt/dev/notebooks/bit/ms/optimization/input0275/,1
276,0.02,0.1,0.01,0.01,1.0,100.0,50.0,200.0,1.0,0.01,1.0,1.0,k10,/Users/cthoyt/dev/notebooks/bit/ms/optimization/input0276/,1
277,0.02,0.16681005372000587,0.01,0.01,1.0,100.0,50.0,200.0,1.0,0.01,1.0,1.0,k10,/Users/cthoyt/dev/notebooks/bit/ms/optimization/input0277/,1
278,0.02,0.2782559402207124,0.01,0.01,1.0,100.0,50.0,200.0,1.0,0.01,1.0,1.0,k10,/Users/cthoyt/dev/notebooks/bit/ms/optimization/input0278/,1
279,0.02,0.46415888336127786,0.01,0.01,1.0,100.0,50.0,200.0,1.0,0.01,1.0,1.0,k10,/Users/cthoyt/dev/notebooks/bit/ms/optimization/input0279/,1
280,0.02,0.774263682681127,0.01,0.01,1.0,100.0,50.0,200.0,1.0,0.01,1.0,1.0,k10,/Users/cthoyt/dev/notebooks/bit/ms/optimization/input0280/,1
281,0.02,1.291549665014884,0.01,0.01,1.0,100.0,50.0,200.0,1.0,0.01,1.0,1.0,k10,/Users/cthoyt/dev/notebooks/bit/ms/optimization/input0281/,1
282,0.02,2.1544346900318834,0.01,0.01,1.0,100.0,50.0,200.0,1.0,0.01,1.0,1.0,k10,/Users/cthoyt/dev/notebooks/bit/ms/optimization/input0282/,1
283,0.02,3.593813663804626,0.01,0.01,1.0,100.0,50.0,200.0,1.0,0.01,1.0,1.0,k10,/Users/cthoyt/dev/notebooks/bit/ms/optimization/input0283/,1
284,0.02,5.994842503189409,0.01,0.01,1.0,100.0,50.0,200.0,1.0,0.01,1.0,1.0,k10,/Users/cthoyt/dev/notebooks/bit/ms/optimization/input0284/,1
285,0.02,10.0,0.01,0.01,1.0,100.0,50.0,200.0,1.0,0.01,1.0,1.0,k10,/Users/cthoyt/dev/notebooks/bit/ms/optimization/input0285/,1
286,0.02,1.0,0.01,0.01,1.0,100.0,50.0,275.0,1.0,0.01,1.0,1.0,k10,/Users/cthoyt/dev/notebooks/bit/ms/optimization/input0286/,1
287,0.02,0.1,0.01,0.01,1.0,100.0,50.0,275.0,1.0,0.01,1.0,1.0,k10,/Users/cthoyt/dev/notebooks/bit/ms/optimization/input0287/,1
288,0.02,0.16681005372000587,0.01,0.01,1.0,100.0,50.0,275.0,1.0,0.01,1.0,1.0,k10,/Users/cthoyt/dev/notebooks/bit/ms/optimization/input0288/,3
289,0.02,0.2782559402207124,0.01,0.01,1.0,100.0,50.0,275.0,1.0,0.01,1.0,1.0,k10,/Users/cthoyt/dev/notebooks/bit/ms/optimization/input0289/,1
290,0.02,0.46415888336127786,0.01,0.01,1.0,100.0,50.0,275.0,1.0,0.01,1.0,1.0,k10,/Users/cthoyt/dev/notebooks/bit/ms/optimization/input0290/,1
291,0.02,0.774263682681127,0.01,0.01,1.0,100.0,50.0,275.0,1.0,0.01,1.0,1.0,k10,/Users/cthoyt/dev/notebooks/bit/ms/optimization/input0291/,1
292,0.02,1.291549665014884,0.01,0.01,1.0,100.0,50.0,275.0,1.0,0.01,1.0,1.0,k10,/Users/cthoyt/dev/notebooks/bit/ms/optimization/input0292/,1
293,0.02,2.1544346900318834,0.01,0.01,1.0,100.0,50.0,275.0,1.0,0.01,1.0,1.0,k10,/Users/cthoyt/dev/notebooks/bit/ms/optimization/input0293/,1
294,0.02,3.593813663804626,0.01,0.01,1.0,100.0,50.0,275.0,1.0,0.01,1.0,1.0,k10,/Users/cthoyt/dev/notebooks/bit/ms/optimization/input0294/,1
295,0.02,5.994842503189409,0.01,0.01,1.0,100.0,50.0,275.0,1.0,0.01,1.0,1.0,k10,/Users/cthoyt/dev/notebooks/bit/ms/optimization/input0295/,1
296,0.02,10.0,0.01,0.01,1.0,100.0,50.0,275.0,1.0,0.01,1.0,1.0,k10,/Users/cthoyt/dev/notebooks/bit/ms/optimization/input0296/,1
297,0.02,1.0,0.01,0.01,1.0,100.0,50.0,350.0,1.0,0.01,1.0,1.0,k10,/Users/cthoyt/dev/notebooks/bit/ms/optimization/input0297/,1
298,0.02,0.1,0.01,0.01,1.0,100.0,50.0,350.0,1.0,0.01,1.0,1.0,k10,/Users/cthoyt/dev/notebooks/bit/ms/optimization/input0298/,1
299,0.02,0.16681005372000587,0.01,0.01,1.0,100.0,50.0,350.0,1.0,0.01,1.0,1.0,k10,/Users/cthoyt/dev/notebooks/bit/ms/optimization/input0299/,1
300,0.02,0.2782559402207124,0.01,0.01,1.0,100.0,50.0,350.0,1.0,0.01,1.0,1.0,k10,/Users/cthoyt/dev/notebooks/bit/ms/optimization/input0300/,3
301,0.02,0.46415888336127786,0.01,0.01,1.0,100.0,50.0,350.0,1.0,0.01,1.0,1.0,k10,/Users/cthoyt/dev/notebooks/bit/ms/optimization/input0301/,1
302,0.02,0.774263682681127,0.01,0.01,1.0,100.0,50.0,350.0,1.0,0.01,1.0,1.0,k10,/Users/cthoyt/dev/notebooks/bit/ms/optimization/input0302/,1
303,0.02,1.291549665014884,0.01,0.01,1.0,100.0,50.0,350.0,1.0,0.01,1.0,1.0,k10,/Users/cthoyt/dev/notebooks/bit/ms/optimization/input0303/,1
304,0.02,2.1544346900318834,0.01,0.01,1.0,100.0,50.0,350.0,1.0,0.01,1.0,1.0,k10,/Users/cthoyt/dev/notebooks/bit/ms/optimization/input0304/,1
305,0.02,3.593813663804626,0.01,0.01,1.0,100.0,50.0,350.0,1.0,0.01,1.0,1.0,k10,/Users/cthoyt/dev/notebooks/bit/ms/optimization/input0305/,1
306,0.02,5.994842503189409,0.01,0.01,1.0,100.0,50.0,350.0,1.0,0.01,1.0,1.0,k10,/Users/cthoyt/dev/notebooks/bit/ms/optimization/input0306/,1
307,0.02,10.0,0.01,0.01,1.0,100.0,50.0,350.0,1.0,0.01,1.0,1.0,k10,/Users/cthoyt/dev/notebooks/bit/ms/optimization/input0307/,1
308,0.02,1.0,0.01,0.01,1.0,100.0,50.0,425.0,1.0,0.01,1.0,1.0,k10,/Users/cthoyt/dev/notebooks/bit/ms/optimization/input0308/,3
309,0.02,0.1,0.01,0.01,1.0,100.0,50.0,425.0,1.0,0.01,1.0,1.0,k10,/Users/cthoyt/dev/notebooks/bit/ms/optimization/input0309/,1
310,0.02,0.16681005372000587,0.01,0.01,1.0,100.0,50.0,425.0,1.0,0.01,1.0,1.0,k10,/Users/cthoyt/dev/notebooks/bit/ms/optimization/input0310/,1
311,0.02,0.2782559402207124,0.01,0.01,1.0,100.0,50.0,425.0,1.0,0.01,1.0,1.0,k10,/Users/cthoyt/dev/notebooks/bit/ms/optimization/input0311/,3
312,0.02,0.46415888336127786,0.01,0.01,1.0,100.0,50.0,425.0,1.0,0.01,1.0,1.0,k10,/Users/cthoyt/dev/notebooks/bit/ms/optimization/input0312/,0
313,0.02,0.774263682681127,0.01,0.01,1.0,100.0,50.0,425.0,1.0,0.01,1.0,1.0,k10,/Users/cthoyt/dev/notebooks/bit/ms/optimization/input0313/,3
314,0.02,1.291549665014884,0.01,0.01,1.0,100.0,50.0,425.0,1.0,0.01,1.0,1.0,k10,/Users/cthoyt/dev/notebooks/bit/ms/optimization/input0314/,3
315,0.02,2.1544346900318834,0.01,0.01,1.0,100.0,50.0,425.0,1.0,0.01,1.0,1.0,k10,/Users/cthoyt/dev/notebooks/bit/ms/optimization/input0315/,1
316,0.02,3.593813663804626,0.01,0.01,1.0,100.0,50.0,425.0,1.0,0.01,1.0,1.0,k10,/Users/cthoyt/dev/notebooks/bit/ms/optimization/input0316/,1
317,0.02,5.994842503189409,0.01,0.01,1.0,100.0,50.0,425.0,1.0,0.01,1.0,1.0,k10,/Users/cthoyt/dev/notebooks/bit/ms/optimization/input0317/,1
318,0.02,10.0,0.01,0.01,1.0,100.0,50.0,425.0,1.0,0.01,1.0,1.0,k10,/Users/cthoyt/dev/notebooks/bit/ms/optimization/input0318/,1
319,0.02,1.0,0.01,0.01,1.0,100.0,50.0,500.0,1.0,0.01,1.0,1.0,k10,/Users/cthoyt/dev/notebooks/bit/ms/optimization/input0319/,3
320,0.02,0.1,0.01,0.01,1.0,100.0,50.0,500.0,1.0,0.01,1.0,1.0,k10,/Users/cthoyt/dev/notebooks/bit/ms/optimization/input0320/,1
321,0.02,0.16681005372000587,0.01,0.01,1.0,100.0,50.0,500.0,1.0,0.01,1.0,1.0,k10,/Users/cthoyt/dev/notebooks/bit/ms/optimization/input0321/,1
322,0.02,0.2782559402207124,0.01,0.01,1.0,100.0,50.0,500.0,1.0,0.01,1.0,1.0,k10,/Users/cthoyt/dev/notebooks/bit/ms/optimization/input0322/,3
323,0.02,0.46415888336127786,0.01,0.01,1.0,100.0,50.0,500.0,1.0,0.01,1.0,1.0,k10,/Users/cthoyt/dev/notebooks/bit/ms/optimization/input0323/,3
324,0.02,0.774263682681127,0.01,0.01,1.0,100.0,50.0,500.0,1.0,0.01,1.0,1.0,k10,/Users/cthoyt/dev/notebooks/bit/ms/optimization/input0324/,3
325,0.02,1.291549665014884,0.01,0.01,1.0,100.0,50.0,500.0,1.0,0.01,1.0,1.0,k10,/Users/cthoyt/dev/notebooks/bit/ms/optimization/input0325/,3
326,0.02,2.1544346900318834,0.01,0.01,1.0,100.0,50.0,500.0,1.0,0.01,1.0,1.0,k10,/Users/cthoyt/dev/notebooks/bit/ms/optimization/input0326/,3
327,0.02,3.593813663804626,0.01,0.01,1.0,100.0,50.0,500.0,1.0,0.01,1.0,1.0,k10,/Users/cthoyt/dev/notebooks/bit/ms/optimization/input0327/,1
328,0.02,5.994842503189409,0.01,0.01,1.0,100.0,50.0,500.0,1.0,0.01,1.0,1.0,k10,/Users/cthoyt/dev/notebooks/bit/ms/optimization/input0328/,3
329,0.02,10.0,0.01,0.01,1.0,100.0,50.0,500.0,1.0,0.01,1.0,1.0,k10,/Users/cthoyt/dev/notebooks/bit/ms/optimization/input0329/,2
330,0.02,1.0,0.01,0.01,1.0,100.0,50.0,200.0,1.0,0.01,1.0,1.0,k11,/Users/cthoyt/dev/notebooks/bit/ms/optimization/input0330/,1
331,0.02,1.0,0.001,0.01,1.0,100.0,50.0,200.0,1.0,0.01,1.0,1.0,k11,/Users/cthoyt/dev/notebooks/bit/ms/optimization/input0331/,1
332,0.02,1.0,0.0016681005372000592,0.01,1.0,100.0,50.0,200.0,1.0,0.01,1.0,1.0,k11,/Users/cthoyt/dev/notebooks/bit/ms/optimization/input0332/,1
333,0.02,1.0,0.0027825594022071257,0.01,1.0,100.0,50.0,200.0,1.0,0.01,1.0,1.0,k11,/Users/cthoyt/dev/notebooks/bit/ms/optimization/input0333/,1
334,0.02,1.0,0.004641588833612777,0.01,1.0,100.0,50.0,200.0,1.0,0.01,1.0,1.0,k11,/Users/cthoyt/dev/notebooks/bit/ms/optimization/input0334/,1
335,0.02,1.0,0.007742636826811269,0.01,1.0,100.0,50.0,200.0,1.0,0.01,1.0,1.0,k11,/Users/cthoyt/dev/notebooks/bit/ms/optimization/input0335/,1
336,0.02,1.0,0.01291549665014884,0.01,1.0,100.0,50.0,200.0,1.0,0.01,1.0,1.0,k11,/Users/cthoyt/dev/notebooks/bit/ms/optimization/input0336/,1
337,0.02,1.0,0.021544346900318832,0.01,1.0,100.0,50.0,200.0,1.0,0.01,1.0,1.0,k11,/Users/cthoyt/dev/notebooks/bit/ms/optimization/input0337/,1
338,0.02,1.0,0.03593813663804626,0.01,1.0,100.0,50.0,200.0,1.0,0.01,1.0,1.0,k11,/Users/cthoyt/dev/notebooks/bit/ms/optimization/input0338/,1
339,0.02,1.0,0.05994842503189409,0.01,1.0,100.0,50.0,200.0,1.0,0.01,1.0,1.0,k11,/Users/cthoyt/dev/notebooks/bit/ms/optimization/input0339/,1
340,0.02,1.0,0.1,0.01,1.0,100.0,50.0,200.0,1.0,0.01,1.0,1.0,k11,/Users/cthoyt/dev/notebooks/bit/ms/optimization/input0340/,1
341,0.02,1.0,0.01,0.01,1.0,100.0,50.0,275.0,1.0,0.01,1.0,1.0,k11,/Users/cthoyt/dev/notebooks/bit/ms/optimization/input0341/,1
342,0.02,1.0,0.001,0.01,1.0,100.0,50.0,275.0,1.0,0.01,1.0,1.0,k11,/Users/cthoyt/dev/notebooks/bit/ms/optimization/input0342/,1
343,0.02,1.0,0.0016681005372000592,0.01,1.0,100.0,50.0,275.0,1.0,0.01,1.0,1.0,k11,/Users/cthoyt/dev/notebooks/bit/ms/optimization/input0343/,1
344,0.02,1.0,0.0027825594022071257,0.01,1.0,100.0,50.0,275.0,1.0,0.01,1.0,1.0,k11,/Users/cthoyt/dev/notebooks/bit/ms/optimization/input0344/,1
345,0.02,1.0,0.004641588833612777,0.01,1.0,100.0,50.0,275.0,1.0,0.01,1.0,1.0,k11,/Users/cthoyt/dev/notebooks/bit/ms/optimization/input0345/,1
346,0.02,1.0,0.007742636826811269,0.01,1.0,100.0,50.0,275.0,1.0,0.01,1.0,1.0,k11,/Users/cthoyt/dev/notebooks/bit/ms/optimization/input0346/,1
347,0.02,1.0,0.01291549665014884,0.01,1.0,100.0,50.0,275.0,1.0,0.01,1.0,1.0,k11,/Users/cthoyt/dev/notebooks/bit/ms/optimization/input0347/,1
348,0.02,1.0,0.021544346900318832,0.01,1.0,100.0,50.0,275.0,1.0,0.01,1.0,1.0,k11,/Users/cthoyt/dev/notebooks/bit/ms/optimization/input0348/,1
349,0.02,1.0,0.03593813663804626,0.01,1.0,100.0,50.0,275.0,1.0,0.01,1.0,1.0,k11,/Users/cthoyt/dev/notebooks/bit/ms/optimization/input0349/,1
350,0.02,1.0,0.05994842503189409,0.01,1.0,100.0,50.0,275.0,1.0,0.01,1.0,1.0,k11,/Users/cthoyt/dev/notebooks/bit/ms/optimization/input0350/,1
351,0.02,1.0,0.1,0.01,1.0,100.0,50.0,275.0,1.0,0.01,1.0,1.0,k11,/Users/cthoyt/dev/notebooks/bit/ms/optimization/input0351/,1
352,0.02,1.0,0.01,0.01,1.0,100.0,50.0,350.0,1.0,0.01,1.0,1.0,k11,/Users/cthoyt/dev/notebooks/bit/ms/optimization/input0352/,1
353,0.02,1.0,0.001,0.01,1.0,100.0,50.0,350.0,1.0,0.01,1.0,1.0,k11,/Users/cthoyt/dev/notebooks/bit/ms/optimization/input0353/,1
354,0.02,1.0,0.0016681005372000592,0.01,1.0,100.0,50.0,350.0,1.0,0.01,1.0,1.0,k11,/Users/cthoyt/dev/notebooks/bit/ms/optimization/input0354/,1
355,0.02,1.0,0.0027825594022071257,0.01,1.0,100.0,50.0,350.0,1.0,0.01,1.0,1.0,k11,/Users/cthoyt/dev/notebooks/bit/ms/optimization/input0355/,1
356,0.02,1.0,0.004641588833612777,0.01,1.0,100.0,50.0,350.0,1.0,0.01,1.0,1.0,k11,/Users/cthoyt/dev/notebooks/bit/ms/optimization/input0356/,1
357,0.02,1.0,0.007742636826811269,0.01,1.0,100.0,50.0,350.0,1.0,0.01,1.0,1.0,k11,/Users/cthoyt/dev/notebooks/bit/ms/optimization/input0357/,1
358,0.02,1.0,0.01291549665014884,0.01,1.0,100.0,50.0,350.0,1.0,0.01,1.0,1.0,k11,/Users/cthoyt/dev/notebooks/bit/ms/optimization/input0358/,1
359,0.02,1.0,0.021544346900318832,0.01,1.0,100.0,50.0,350.0,1.0,0.01,1.0,1.0,k11,/Users/cthoyt/dev/notebooks/bit/ms/optimization/input0359/,1
360,0.02,1.0,0.03593813663804626,0.01,1.0,100.0,50.0,350.0,1.0,0.01,1.0,1.0,k11,/Users/cthoyt/dev/notebooks/bit/ms/optimization/input0360/,1
361,0.02,1.0,0.05994842503189409,0.01,1.0,100.0,50.0,350.0,1.0,0.01,1.0,1.0,k11,/Users/cthoyt/dev/notebooks/bit/ms/optimization/input0361/,1
362,0.02,1.0,0.1,0.01,1.0,100.0,50.0,350.0,1.0,0.01,1.0,1.0,k11,/Users/cthoyt/dev/notebooks/bit/ms/optimization/input0362/,1
363,0.02,1.0,0.01,0.01,1.0,100.0,50.0,425.0,1.0,0.01,1.0,1.0,k11,/Users/cthoyt/dev/notebooks/bit/ms/optimization/input0363/,3
364,0.02,1.0,0.001,0.01,1.0,100.0,50.0,425.0,1.0,0.01,1.0,1.0,k11,/Users/cthoyt/dev/notebooks/bit/ms/optimization/input0364/,3
365,0.02,1.0,0.0016681005372000592,0.01,1.0,100.0,50.0,425.0,1.0,0.01,1.0,1.0,k11,/Users/cthoyt/dev/notebooks/bit/ms/optimization/input0365/,3
366,0.02,1.0,0.0027825594022071257,0.01,1.0,100.0,50.0,425.0,1.0,0.01,1.0,1.0,k11,/Users/cthoyt/dev/notebooks/bit/ms/optimization/input0366/,3
367,0.02,1.0,0.004641588833612777,0.01,1.0,100.0,50.0,425.0,1.0,0.01,1.0,1.0,k11,/Users/cthoyt/dev/notebooks/bit/ms/optimization/input0367/,3
368,0.02,1.0,0.007742636826811269,0.01,1.0,100.0,50.0,425.0,1.0,0.01,1.0,1.0,k11,/Users/cthoyt/dev/notebooks/bit/ms/optimization/input0368/,0
369,0.02,1.0,0.01291549665014884,0.01,1.0,100.0,50.0,425.0,1.0,0.01,1.0,1.0,k11,/Users/cthoyt/dev/notebooks/bit/ms/optimization/input0369/,3
370,0.02,1.0,0.021544346900318832,0.01,1.0,100.0,50.0,425.0,1.0,0.01,1.0,1.0,k11,/Users/cthoyt/dev/notebooks/bit/ms/optimization/input0370/,3
371,0.02,1.0,0.03593813663804626,0.01,1.0,100.0,50.0,425.0,1.0,0.01,1.0,1.0,k11,/Users/cthoyt/dev/notebooks/bit/ms/optimization/input0371/,3
372,0.02,1.0,0.05994842503189409,0.01,1.0,100.0,50.0,425.0,1.0,0.01,1.0,1.0,k11,/Users/cthoyt/dev/notebooks/bit/ms/optimization/input0372/,3
373,0.02,1.0,0.1,0.01,1.0,100.0,50.0,425.0,1.0,0.01,1.0,1.0,k11,/Users/cthoyt/dev/notebooks/bit/ms/optimization/input0373/,3
374,0.02,1.0,0.01,0.01,1.0,100.0,50.0,500.0,1.0,0.01,1.0,1.0,k11,/Users/cthoyt/dev/notebooks/bit/ms/optimization/input0374/,3
375,0.02,1.0,0.001,0.01,1.0,100.0,50.0,500.0,1.0,0.01,1.0,1.0,k11,/Users/cthoyt/dev/notebooks/bit/ms/optimization/input0375/,3
376,0.02,1.0,0.0016681005372000592,0.01,1.0,100.0,50.0,500.0,1.0,0.01,1.0,1.0,k11,/Users/cthoyt/dev/notebooks/bit/ms/optimization/input0376/,2
377,0.02,1.0,0.0027825594022071257,0.01,1.0,100.0,50.0,500.0,1.0,0.01,1.0,1.0,k11,/Users/cthoyt/dev/notebooks/bit/ms/optimization/input0377/,3
378,0.02,1.0,0.004641588833612777,0.01,1.0,100.0,50.0,500.0,1.0,0.01,1.0,1.0,k11,/Users/cthoyt/dev/notebooks/bit/ms/optimization/input0378/,3
379,0.02,1.0,0.007742636826811269,0.01,1.0,100.0,50.0,500.0,1.0,0.01,1.0,1.0,k11,/Users/cthoyt/dev/notebooks/bit/ms/optimization/input0379/,3
380,0.02,1.0,0.01291549665014884,0.01,1.0,100.0,50.0,500.0,1.0,0.01,1.0,1.0,k11,/Users/cthoyt/dev/notebooks/bit/ms/optimization/input0380/,3
381,0.02,1.0,0.021544346900318832,0.01,1.0,100.0,50.0,500.0,1.0,0.01,1.0,1.0,k11,/Users/cthoyt/dev/notebooks/bit/ms/optimization/input0381/,3
382,0.02,1.0,0.03593813663804626,0.01,1.0,100.0,50.0,500.0,1.0,0.01,1.0,1.0,k11,/Users/cthoyt/dev/notebooks/bit/ms/optimization/input0382/,3
383,0.02,1.0,0.05994842503189409,0.01,1.0,100.0,50.0,500.0,1.0,0.01,1.0,1.0,k11,/Users/cthoyt/dev/notebooks/bit/ms/optimization/input0383/,3
384,0.02,1.0,0.1,0.01,1.0,100.0,50.0,500.0,1.0,0.01,1.0,1.0,k11,/Users/cthoyt/dev/notebooks/bit/ms/optimization/input0384/,3
385,0.02,1.0,0.01,0.01,1.0,100.0,50.0,200.0,1.0,0.01,1.0,1.0,k12,/Users/cthoyt/dev/notebooks/bit/ms/optimization/input0385/,1
386,0.02,1.0,0.01,0.001,1.0,100.0,50.0,200.0,1.0,0.01,1.0,1.0,k12,/Users/cthoyt/dev/notebooks/bit/ms/optimization/input0386/,1
387,0.02,1.0,0.01,0.0016681005372000592,1.0,100.0,50.0,200.0,1.0,0.01,1.0,1.0,k12,/Users/cthoyt/dev/notebooks/bit/ms/optimization/input0387/,1
388,0.02,1.0,0.01,0.0027825594022071257,1.0,100.0,50.0,200.0,1.0,0.01,1.0,1.0,k12,/Users/cthoyt/dev/notebooks/bit/ms/optimization/input0388/,1
389,0.02,1.0,0.01,0.004641588833612777,1.0,100.0,50.0,200.0,1.0,0.01,1.0,1.0,k12,/Users/cthoyt/dev/notebooks/bit/ms/optimization/input0389/,1
390,0.02,1.0,0.01,0.007742636826811269,1.0,100.0,50.0,200.0,1.0,0.01,1.0,1.0,k12,/Users/cthoyt/dev/notebooks/bit/ms/optimization/input0390/,1
391,0.02,1.0,0.01,0.01291549665014884,1.0,100.0,50.0,200.0,1.0,0.01,1.0,1.0,k12,/Users/cthoyt/dev/notebooks/bit/ms/optimization/input0391/,1
392,0.02,1.0,0.01,0.021544346900318832,1.0,100.0,50.0,200.0,1.0,0.01,1.0,1.0,k12,/Users/cthoyt/dev/notebooks/bit/ms/optimization/input0392/,1
393,0.02,1.0,0.01,0.03593813663804626,1.0,100.0,50.0,200.0,1.0,0.01,1.0,1.0,k12,/Users/cthoyt/dev/notebooks/bit/ms/optimization/input0393/,1
394,0.02,1.0,0.01,0.05994842503189409,1.0,100.0,50.0,200.0,1.0,0.01,1.0,1.0,k12,/Users/cthoyt/dev/notebooks/bit/ms/optimization/input0394/,1
395,0.02,1.0,0.01,0.1,1.0,100.0,50.0,200.0,1.0,0.01,1.0,1.0,k12,/Users/cthoyt/dev/notebooks/bit/ms/optimization/input0395/,1
396,0.02,1.0,0.01,0.01,1.0,100.0,50.0,275.0,1.0,0.01,1.0,1.0,k12,/Users/cthoyt/dev/notebooks/bit/ms/optimization/input0396/,1
397,0.02,1.0,0.01,0.001,1.0,100.0,50.0,275.0,1.0,0.01,1.0,1.0,k12,/Users/cthoyt/dev/notebooks/bit/ms/optimization/input0397/,1
398,0.02,1.0,0.01,0.0016681005372000592,1.0,100.0,50.0,275.0,1.0,0.01,1.0,1.0,k12,/Users/cthoyt/dev/notebooks/bit/ms/optimization/input0398/,1
399,0.02,1.0,0.01,0.0027825594022071257,1.0,100.0,50.0,275.0,1.0,0.01,1.0,1.0,k12,/Users/cthoyt/dev/notebooks/bit/ms/optimization/input0399/,1
400,0.02,1.0,0.01,0.004641588833612777,1.0,100.0,50.0,275.0,1.0,0.01,1.0,1.0,k12,/Users/cthoyt/dev/notebooks/bit/ms/optimization/input0400/,1
401,0.02,1.0,0.01,0.007742636826811269,1.0,100.0,50.0,275.0,1.0,0.01,1.0,1.0,k12,/Users/cthoyt/dev/notebooks/bit/ms/optimization/input0401/,1
402,0.02,1.0,0.01,0.01291549665014884,1.0,100.0,50.0,275.0,1.0,0.01,1.0,1.0,k12,/Users/cthoyt/dev/notebooks/bit/ms/optimization/input0402/,1
403,0.02,1.0,0.01,0.021544346900318832,1.0,100.0,50.0,275.0,1.0,0.01,1.0,1.0,k12,/Users/cthoyt/dev/notebooks/bit/ms/optimization/input0403/,1
404,0.02,1.0,0.01,0.03593813663804626,1.0,100.0,50.0,275.0,1.0,0.01,1.0,1.0,k12,/Users/cthoyt/dev/notebooks/bit/ms/optimization/input0404/,1
405,0.02,1.0,0.01,0.05994842503189409,1.0,100.0,50.0,275.0,1.0,0.01,1.0,1.0,k12,/Users/cthoyt/dev/notebooks/bit/ms/optimization/input0405/,1
406,0.02,1.0,0.01,0.1,1.0,100.0,50.0,275.0,1.0,0.01,1.0,1.0,k12,/Users/cthoyt/dev/notebooks/bit/ms/optimization/input0406/,1
407,0.02,1.0,0.01,0.01,1.0,100.0,50.0,350.0,1.0,0.01,1.0,1.0,k12,/Users/cthoyt/dev/notebooks/bit/ms/optimization/input0407/,1
408,0.02,1.0,0.01,0.001,1.0,100.0,50.0,350.0,1.0,0.01,1.0,1.0,k12,/Users/cthoyt/dev/notebooks/bit/ms/optimization/input0408/,1
409,0.02,1.0,0.01,0.0016681005372000592,1.0,100.0,50.0,350.0,1.0,0.01,1.0,1.0,k12,/Users/cthoyt/dev/notebooks/bit/ms/optimization/input0409/,1
410,0.02,1.0,0.01,0.0027825594022071257,1.0,100.0,50.0,350.0,1.0,0.01,1.0,1.0,k12,/Users/cthoyt/dev/notebooks/bit/ms/optimization/input0410/,1
411,0.02,1.0,0.01,0.004641588833612777,1.0,100.0,50.0,350.0,1.0,0.01,1.0,1.0,k12,/Users/cthoyt/dev/notebooks/bit/ms/optimization/input0411/,1
412,0.02,1.0,0.01,0.007742636826811269,1.0,100.0,50.0,350.0,1.0,0.01,1.0,1.0,k12,/Users/cthoyt/dev/notebooks/bit/ms/optimization/input0412/,3
413,0.02,1.0,0.01,0.01291549665014884,1.0,100.0,50.0,350.0,1.0,0.01,1.0,1.0,k12,/Users/cthoyt/dev/notebooks/bit/ms/optimization/input0413/,1
414,0.02,1.0,0.01,0.021544346900318832,1.0,100.0,50.0,350.0,1.0,0.01,1.0,1.0,k12,/Users/cthoyt/dev/notebooks/bit/ms/optimization/input0414/,1
415,0.02,1.0,0.01,0.03593813663804626,1.0,100.0,50.0,350.0,1.0,0.01,1.0,1.0,k12,/Users/cthoyt/dev/notebooks/bit/ms/optimization/input0415/,1
416,0.02,1.0,0.01,0.05994842503189409,1.0,100.0,50.0,350.0,1.0,0.01,1.0,1.0,k12,/Users/cthoyt/dev/notebooks/bit/ms/optimization/input0416/,1
417,0.02,1.0,0.01,0.1,1.0,100.0,50.0,350.0,1.0,0.01,1.0,1.0,k12,/Users/cthoyt/dev/notebooks/bit/ms/optimization/input0417/,1
418,0.02,1.0,0.01,0.01,1.0,100.0,50.0,425.0,1.0,0.01,1.0,1.0,k12,/Users/cthoyt/dev/notebooks/bit/ms/optimization/input0418/,3
419,0.02,1.0,0.01,0.001,1.0,100.0,50.0,425.0,1.0,0.01,1.0,1.0,k12,/Users/cthoyt/dev/notebooks/bit/ms/optimization/input0419/,1
420,0.02,1.0,0.01,0.0016681005372000592,1.0,100.0,50.0,425.0,1.0,0.01,1.0,1.0,k12,/Users/cthoyt/dev/notebooks/bit/ms/optimization/input0420/,1
421,0.02,1.0,0.01,0.0027825594022071257,1.0,100.0,50.0,425.0,1.0,0.01,1.0,1.0,k12,/Users/cthoyt/dev/notebooks/bit/ms/optimization/input0421/,1
422,0.02,1.0,0.01,0.004641588833612777,1.0,100.0,50.0,425.0,1.0,0.01,1.0,1.0,k12,/Users/cthoyt/dev/notebooks/bit/ms/optimization/input0422/,1
423,0.02,1.0,0.01,0.007742636826811269,1.0,100.0,50.0,425.0,1.0,0.01,1.0,1.0,k12,/Users/cthoyt/dev/notebooks/bit/ms/optimization/input0423/,3
424,0.02,1.0,0.01,0.01291549665014884,1.0,100.0,50.0,425.0,1.0,0.01,1.0,1.0,k12,/Users/cthoyt/dev/notebooks/bit/ms/optimization/input0424/,1
425,0.02,1.0,0.01,0.021544346900318832,1.0,100.0,50.0,425.0,1.0,0.01,1.0,1.0,k12,/Users/cthoyt/dev/notebooks/bit/ms/optimization/input0425/,1
426,0.02,1.0,0.01,0.03593813663804626,1.0,100.0,50.0,425.0,1.0,0.01,1.0,1.0,k12,/Users/cthoyt/dev/notebooks/bit/ms/optimization/input0426/,1
427,0.02,1.0,0.01,0.05994842503189409,1.0,100.0,50.0,425.0,1.0,0.01,1.0,1.0,k12,/Users/cthoyt/dev/notebooks/bit/ms/optimization/input0427/,1
428,0.02,1.0,0.01,0.1,1.0,100.0,50.0,425.0,1.0,0.01,1.0,1.0,k12,/Users/cthoyt/dev/notebooks/bit/ms/optimization/input0428/,1
429,0.02,1.0,0.01,0.01,1.0,100.0,50.0,500.0,1.0,0.01,1.0,1.0,k12,/Users/cthoyt/dev/notebooks/bit/ms/optimization/input0429/,3
430,0.02,1.0,0.01,0.001,1.0,100.0,50.0,500.0,1.0,0.01,1.0,1.0,k12,/Users/cthoyt/dev/notebooks/bit/ms/optimization/input0430/,1
431,0.02,1.0,0.01,0.0016681005372000592,1.0,100.0,50.0,500.0,1.0,0.01,1.0,1.0,k12,/Users/cthoyt/dev/notebooks/bit/ms/optimization/input0431/,1
432,0.02,1.0,0.01,0.0027825594022071257,1.0,100.0,50.0,500.0,1.0,0.01,1.0,1.0,k12,/Users/cthoyt/dev/notebooks/bit/ms/optimization/input0432/,1
433,0.02,1.0,0.01,0.004641588833612777,1.0,100.0,50.0,500.0,1.0,0.01,1.0,1.0,k12,/Users/cthoyt/dev/notebooks/bit/ms/optimization/input0433/,1
434,0.02,1.0,0.01,0.007742636826811269,1.0,100.0,50.0,500.0,1.0,0.01,1.0,1.0,k12,/Users/cthoyt/dev/notebooks/bit/ms/optimization/input0434/,3
435,0.02,1.0,0.01,0.01291549665014884,1.0,100.0,50.0,500.0,1.0,0.01,1.0,1.0,k12,/Users/cthoyt/dev/notebooks/bit/ms/optimization/input0435/,1
436,0.02,1.0,0.01,0.021544346900318832,1.0,100.0,50.0,500.0,1.0,0.01,1.0,1.0,k12,/Users/cthoyt/dev/notebooks/bit/ms/optimization/input0436/,1
437,0.02,1.0,0.01,0.03593813663804626,1.0,100.0,50.0,500.0,1.0,0.01,1.0,1.0,k12,/Users/cthoyt/dev/notebooks/bit/ms/optimization/input0437/,1
438,0.02,1.0,0.01,0.05994842503189409,1.0,100.0,50.0,500.0,1.0,0.01,1.0,1.0,k12,/Users/cthoyt/dev/notebooks/bit/ms/optimization/input0438/,1
439,0.02,1.0,0.01,0.1,1.0,100.0,50.0,500.0,1.0,0.01,1.0,1.0,k12,/Users/cthoyt/dev/notebooks/bit/ms/optimization/input0439/,1
440,0.02,1.0,0.01,0.01,1.0,100.0,50.0,200.0,1.0,0.01,1.0,1.0,k13,/Users/cthoyt/dev/notebooks/bit/ms/optimization/input0440/,1
441,0.02,1.0,0.01,0.01,0.1,100.0,50.0,200.0,1.0,0.01,1.0,1.0,k13,/Users/cthoyt/dev/notebooks/bit/ms/optimization/input0441/,1
442,0.02,1.0,0.01,0.01,0.16681005372000587,100.0,50.0,200.0,1.0,0.01,1.0,1.0,k13,/Users/cthoyt/dev/notebooks/bit/ms/optimization/input0442/,1
443,0.02,1.0,0.01,0.01,0.2782559402207124,100.0,50.0,200.0,1.0,0.01,1.0,1.0,k13,/Users/cthoyt/dev/notebooks/bit/ms/optimization/input0443/,1
444,0.02,1.0,0.01,0.01,0.46415888336127786,100.0,50.0,200.0,1.0,0.01,1.0,1.0,k13,/Users/cthoyt/dev/notebooks/bit/ms/optimization/input0444/,1
445,0.02,1.0,0.01,0.01,0.774263682681127,100.0,50.0,200.0,1.0,0.01,1.0,1.0,k13,/Users/cthoyt/dev/notebooks/bit/ms/optimization/input0445/,1
446,0.02,1.0,0.01,0.01,1.291549665014884,100.0,50.0,200.0,1.0,0.01,1.0,1.0,k13,/Users/cthoyt/dev/notebooks/bit/ms/optimization/input0446/,1
447,0.02,1.0,0.01,0.01,2.1544346900318834,100.0,50.0,200.0,1.0,0.01,1.0,1.0,k13,/Users/cthoyt/dev/notebooks/bit/ms/optimization/input0447/,1
448,0.02,1.0,0.01,0.01,3.593813663804626,100.0,50.0,200.0,1.0,0.01,1.0,1.0,k13,/Users/cthoyt/dev/notebooks/bit/ms/optimization/input0448/,1
449,0.02,1.0,0.01,0.01,5.994842503189409,100.0,50.0,200.0,1.0,0.01,1.0,1.0,k13,/Users/cthoyt/dev/notebooks/bit/ms/optimization/input0449/,1
450,0.02,1.0,0.01,0.01,10.0,100.0,50.0,200.0,1.0,0.01,1.0,1.0,k13,/Users/cthoyt/dev/notebooks/bit/ms/optimization/input0450/,1
451,0.02,1.0,0.01,0.01,1.0,100.0,50.0,275.0,1.0,0.01,1.0,1.0,k13,/Users/cthoyt/dev/notebooks/bit/ms/optimization/input0451/,1
452,0.02,1.0,0.01,0.01,0.1,100.0,50.0,275.0,1.0,0.01,1.0,1.0,k13,/Users/cthoyt/dev/notebooks/bit/ms/optimization/input0452/,1
453,0.02,1.0,0.01,0.01,0.16681005372000587,100.0,50.0,275.0,1.0,0.01,1.0,1.0,k13,/Users/cthoyt/dev/notebooks/bit/ms/optimization/input0453/,1
454,0.02,1.0,0.01,0.01,0.2782559402207124,100.0,50.0,275.0,1.0,0.01,1.0,1.0,k13,/Users/cthoyt/dev/notebooks/bit/ms/optimization/input0454/,1
455,0.02,1.0,0.01,0.01,0.46415888336127786,100.0,50.0,275.0,1.0,0.01,1.0,1.0,k13,/Users/cthoyt/dev/notebooks/bit/ms/optimization/input0455/,1
456,0.02,1.0,0.01,0.01,0.774263682681127,100.0,50.0,275.0,1.0,0.01,1.0,1.0,k13,/Users/cthoyt/dev/notebooks/bit/ms/optimization/input0456/,1
457,0.02,1.0,0.01,0.01,1.291549665014884,100.0,50.0,275.0,1.0,0.01,1.0,1.0,k13,/Users/cthoyt/dev/notebooks/bit/ms/optimization/input0457/,1
458,0.02,1.0,0.01,0.01,2.1544346900318834,100.0,50.0,275.0,1.0,0.01,1.0,1.0,k13,/Users/cthoyt/dev/notebooks/bit/ms/optimization/input0458/,1
459,0.02,1.0,0.01,0.01,3.593813663804626,100.0,50.0,275.0,1.0,0.01,1.0,1.0,k13,/Users/cthoyt/dev/notebooks/bit/ms/optimization/input0459/,1
460,0.02,1.0,0.01,0.01,5.994842503189409,100.0,50.0,275.0,1.0,0.01,1.0,1.0,k13,/Users/cthoyt/dev/notebooks/bit/ms/optimization/input0460/,1
461,0.02,1.0,0.01,0.01,10.0,100.0,50.0,275.0,1.0,0.01,1.0,1.0,k13,/Users/cthoyt/dev/notebooks/bit/ms/optimization/input0461/,1
462,0.02,1.0,0.01,0.01,1.0,100.0,50.0,350.0,1.0,0.01,1.0,1.0,k13,/Users/cthoyt/dev/notebooks/bit/ms/optimization/input0462/,1
463,0.02,1.0,0.01,0.01,0.1,100.0,50.0,350.0,1.0,0.01,1.0,1.0,k13,/Users/cthoyt/dev/notebooks/bit/ms/optimization/input0463/,1
464,0.02,1.0,0.01,0.01,0.16681005372000587,100.0,50.0,350.0,1.0,0.01,1.0,1.0,k13,/Users/cthoyt/dev/notebooks/bit/ms/optimization/input0464/,1
465,0.02,1.0,0.01,0.01,0.2782559402207124,100.0,50.0,350.0,1.0,0.01,1.0,1.0,k13,/Users/cthoyt/dev/notebooks/bit/ms/optimization/input0465/,1
466,0.02,1.0,0.01,0.01,0.46415888336127786,100.0,50.0,350.0,1.0,0.01,1.0,1.0,k13,/Users/cthoyt/dev/notebooks/bit/ms/optimization/input0466/,1
467,0.02,1.0,0.01,0.01,0.774263682681127,100.0,50.0,350.0,1.0,0.01,1.0,1.0,k13,/Users/cthoyt/dev/notebooks/bit/ms/optimization/input0467/,1
468,0.02,1.0,0.01,0.01,1.291549665014884,100.0,50.0,350.0,1.0,0.01,1.0,1.0,k13,/Users/cthoyt/dev/notebooks/bit/ms/optimization/input0468/,1
469,0.02,1.0,0.01,0.01,2.1544346900318834,100.0,50.0,350.0,1.0,0.01,1.0,1.0,k13,/Users/cthoyt/dev/notebooks/bit/ms/optimization/input0469/,1
470,0.02,1.0,0.01,0.01,3.593813663804626,100.0,50.0,350.0,1.0,0.01,1.0,1.0,k13,/Users/cthoyt/dev/notebooks/bit/ms/optimization/input0470/,1
471,0.02,1.0,0.01,0.01,5.994842503189409,100.0,50.0,350.0,1.0,0.01,1.0,1.0,k13,/Users/cthoyt/dev/notebooks/bit/ms/optimization/input0471/,1
472,0.02,1.0,0.01,0.01,10.0,100.0,50.0,350.0,1.0,0.01,1.0,1.0,k13,/Users/cthoyt/dev/notebooks/bit/ms/optimization/input0472/,1
473,0.02,1.0,0.01,0.01,1.0,100.0,50.0,425.0,1.0,0.01,1.0,1.0,k13,/Users/cthoyt/dev/notebooks/bit/ms/optimization/input0473/,3
474,0.02,1.0,0.01,0.01,0.1,100.0,50.0,425.0,1.0,0.01,1.0,1.0,k13,/Users/cthoyt/dev/notebooks/bit/ms/optimization/input0474/,1
475,0.02,1.0,0.01,0.01,0.16681005372000587,100.0,50.0,425.0,1.0,0.01,1.0,1.0,k13,/Users/cthoyt/dev/notebooks/bit/ms/optimization/input0475/,1
476,0.02,1.0,0.01,0.01,0.2782559402207124,100.0,50.0,425.0,1.0,0.01,1.0,1.0,k13,/Users/cthoyt/dev/notebooks/bit/ms/optimization/input0476/,1
477,0.02,1.0,0.01,0.01,0.46415888336127786,100.0,50.0,425.0,1.0,0.01,1.0,1.0,k13,/Users/cthoyt/dev/notebooks/bit/ms/optimization/input0477/,1
478,0.02,1.0,0.01,0.01,0.774263682681127,100.0,50.0,425.0,1.0,0.01,1.0,1.0,k13,/Users/cthoyt/dev/notebooks/bit/ms/optimization/input0478/,1
479,0.02,1.0,0.01,0.01,1.291549665014884,100.0,50.0,425.0,1.0,0.01,1.0,1.0,k13,/Users/cthoyt/dev/notebooks/bit/ms/optimization/input0479/,3
480,0.02,1.0,0.01,0.01,2.1544346900318834,100.0,50.0,425.0,1.0,0.01,1.0,1.0,k13,/Users/cthoyt/dev/notebooks/bit/ms/optimization/input0480/,1
481,0.02,1.0,0.01,0.01,3.593813663804626,100.0,50.0,425.0,1.0,0.01,1.0,1.0,k13,/Users/cthoyt/dev/notebooks/bit/ms/optimization/input0481/,1
482,0.02,1.0,0.01,0.01,5.994842503189409,100.0,50.0,425.0,1.0,0.01,1.0,1.0,k13,/Users/cthoyt/dev/notebooks/bit/ms/optimization/input0482/,1
483,0.02,1.0,0.01,0.01,10.0,100.0,50.0,425.0,1.0,0.01,1.0,1.0,k13,/Users/cthoyt/dev/notebooks/bit/ms/optimization/input0483/,1
484,0.02,1.0,0.01,0.01,1.0,100.0,50.0,500.0,1.0,0.01,1.0,1.0,k13,/Users/cthoyt/dev/notebooks/bit/ms/optimization/input0484/,3
485,0.02,1.0,0.01,0.01,0.1,100.0,50.0,500.0,1.0,0.01,1.0,1.0,k13,/Users/cthoyt/dev/notebooks/bit/ms/optimization/input0485/,1
486,0.02,1.0,0.01,0.01,0.16681005372000587,100.0,50.0,500.0,1.0,0.01,1.0,1.0,k13,/Users/cthoyt/dev/notebooks/bit/ms/optimization/input0486/,1
487,0.02,1.0,0.01,0.01,0.2782559402207124,100.0,50.0,500.0,1.0,0.01,1.0,1.0,k13,/Users/cthoyt/dev/notebooks/bit/ms/optimization/input0487/,1
488,0.02,1.0,0.01,0.01,0.46415888336127786,100.0,50.0,500.0,1.0,0.01,1.0,1.0,k13,/Users/cthoyt/dev/notebooks/bit/ms/optimization/input0488/,1
489,0.02,1.0,0.01,0.01,0.774263682681127,100.0,50.0,500.0,1.0,0.01,1.0,1.0,k13,/Users/cthoyt/dev/notebooks/bit/ms/optimization/input0489/,3
490,0.02,1.0,0.01,0.01,1.291549665014884,100.0,50.0,500.0,1.0,0.01,1.0,1.0,k13,/Users/cthoyt/dev/notebooks/bit/ms/optimization/input0490/,3
491,0.02,1.0,0.01,0.01,2.1544346900318834,100.0,50.0,500.0,1.0,0.01,1.0,1.0,k13,/Users/cthoyt/dev/notebooks/bit/ms/optimization/input0491/,1
492,0.02,1.0,0.01,0.01,3.593813663804626,100.0,50.0,500.0,1.0,0.01,1.0,1.0,k13,/Users/cthoyt/dev/notebooks/bit/ms/optimization/input0492/,1
493,0.02,1.0,0.01,0.01,5.994842503189409,100.0,50.0,500.0,1.0,0.01,1.0,1.0,k13,/Users/cthoyt/dev/notebooks/bit/ms/optimization/input0493/,1
494,0.02,1.0,0.01,0.01,10.0,100.0,50.0,500.0,1.0,0.01,1.0,1.0,k13,/Users/cthoyt/dev/notebooks/bit/ms/optimization/input0494/,1
495,0.02,1.0,0.01,0.01,1.0,100.0,50.0,200.0,1.0,0.01,1.0,1.0,k17,/Users/cthoyt/dev/notebooks/bit/ms/optimization/input0495/,1
496,0.02,1.0,0.01,0.01,1.0,10.0,50.0,200.0,1.0,0.01,1.0,1.0,k17,/Users/cthoyt/dev/notebooks/bit/ms/optimization/input0496/,1
497,0.02,1.0,0.01,0.01,1.0,16.68100537200059,50.0,200.0,1.0,0.01,1.0,1.0,k17,/Users/cthoyt/dev/notebooks/bit/ms/optimization/input0497/,1
498,0.02,1.0,0.01,0.01,1.0,27.825594022071243,50.0,200.0,1.0,0.01,1.0,1.0,k17,/Users/cthoyt/dev/notebooks/bit/ms/optimization/input0498/,1
499,0.02,1.0,0.01,0.01,1.0,46.41588833612777,50.0,200.0,1.0,0.01,1.0,1.0,k17,/Users/cthoyt/dev/notebooks/bit/ms/optimization/input0499/,1
500,0.02,1.0,0.01,0.01,1.0,77.4263682681127,50.0,200.0,1.0,0.01,1.0,1.0,k17,/Users/cthoyt/dev/notebooks/bit/ms/optimization/input0500/,1
501,0.02,1.0,0.01,0.01,1.0,129.1549665014884,50.0,200.0,1.0,0.01,1.0,1.0,k17,/Users/cthoyt/dev/notebooks/bit/ms/optimization/input0501/,1
502,0.02,1.0,0.01,0.01,1.0,215.44346900318823,50.0,200.0,1.0,0.01,1.0,1.0,k17,/Users/cthoyt/dev/notebooks/bit/ms/optimization/input0502/,1
503,0.02,1.0,0.01,0.01,1.0,359.38136638046257,50.0,200.0,1.0,0.01,1.0,1.0,k17,/Users/cthoyt/dev/notebooks/bit/ms/optimization/input0503/,1
504,0.02,1.0,0.01,0.01,1.0,599.4842503189409,50.0,200.0,1.0,0.01,1.0,1.0,k17,/Users/cthoyt/dev/notebooks/bit/ms/optimization/input0504/,1
505,0.02,1.0,0.01,0.01,1.0,1000.0,50.0,200.0,1.0,0.01,1.0,1.0,k17,/Users/cthoyt/dev/notebooks/bit/ms/optimization/input0505/,1
506,0.02,1.0,0.01,0.01,1.0,100.0,50.0,275.0,1.0,0.01,1.0,1.0,k17,/Users/cthoyt/dev/notebooks/bit/ms/optimization/input0506/,1
507,0.02,1.0,0.01,0.01,1.0,10.0,50.0,275.0,1.0,0.01,1.0,1.0,k17,/Users/cthoyt/dev/notebooks/bit/ms/optimization/input0507/,1
508,0.02,1.0,0.01,0.01,1.0,16.68100537200059,50.0,275.0,1.0,0.01,1.0,1.0,k17,/Users/cthoyt/dev/notebooks/bit/ms/optimization/input0508/,1
509,0.02,1.0,0.01,0.01,1.0,27.825594022071243,50.0,275.0,1.0,0.01,1.0,1.0,k17,/Users/cthoyt/dev/notebooks/bit/ms/optimization/input0509/,1
510,0.02,1.0,0.01,0.01,1.0,46.41588833612777,50.0,275.0,1.0,0.01,1.0,1.0,k17,/Users/cthoyt/dev/notebooks/bit/ms/optimization/input0510/,1
511,0.02,1.0,0.01,0.01,1.0,77.4263682681127,50.0,275.0,1.0,0.01,1.0,1.0,k17,/Users/cthoyt/dev/notebooks/bit/ms/optimization/input0511/,1
512,0.02,1.0,0.01,0.01,1.0,129.1549665014884,50.0,275.0,1.0,0.01,1.0,1.0,k17,/Users/cthoyt/dev/notebooks/bit/ms/optimization/input0512/,1
513,0.02,1.0,0.01,0.01,1.0,215.44346900318823,50.0,275.0,1.0,0.01,1.0,1.0,k17,/Users/cthoyt/dev/notebooks/bit/ms/optimization/input0513/,1
514,0.02,1.0,0.01,0.01,1.0,359.38136638046257,50.0,275.0,1.0,0.01,1.0,1.0,k17,/Users/cthoyt/dev/notebooks/bit/ms/optimization/input0514/,1
515,0.02,1.0,0.01,0.01,1.0,599.4842503189409,50.0,275.0,1.0,0.01,1.0,1.0,k17,/Users/cthoyt/dev/notebooks/bit/ms/optimization/input0515/,1
516,0.02,1.0,0.01,0.01,1.0,1000.0,50.0,275.0,1.0,0.01,1.0,1.0,k17,/Users/cthoyt/dev/notebooks/bit/ms/optimization/input0516/,1
517,0.02,1.0,0.01,0.01,1.0,100.0,50.0,350.0,1.0,0.01,1.0,1.0,k17,/Users/cthoyt/dev/notebooks/bit/ms/optimization/input0517/,1
518,0.02,1.0,0.01,0.01,1.0,10.0,50.0,350.0,1.0,0.01,1.0,1.0,k17,/Users/cthoyt/dev/notebooks/bit/ms/optimization/input0518/,1
519,0.02,1.0,0.01,0.01,1.0,16.68100537200059,50.0,350.0,1.0,0.01,1.0,1.0,k17,/Users/cthoyt/dev/notebooks/bit/ms/optimization/input0519/,1
520,0.02,1.0,0.01,0.01,1.0,27.825594022071243,50.0,350.0,1.0,0.01,1.0,1.0,k17,/Users/cthoyt/dev/notebooks/bit/ms/optimization/input0520/,1
521,0.02,1.0,0.01,0.01,1.0,46.41588833612777,50.0,350.0,1.0,0.01,1.0,1.0,k17,/Users/cthoyt/dev/notebooks/bit/ms/optimization/input0521/,1
522,0.02,1.0,0.01,0.01,1.0,77.4263682681127,50.0,350.0,1.0,0.01,1.0,1.0,k17,/Users/cthoyt/dev/notebooks/bit/ms/optimization/input0522/,1
523,0.02,1.0,0.01,0.01,1.0,129.1549665014884,50.0,350.0,1.0,0.01,1.0,1.0,k17,/Users/cthoyt/dev/notebooks/bit/ms/optimization/input0523/,1
524,0.02,1.0,0.01,0.01,1.0,215.44346900318823,50.0,350.0,1.0,0.01,1.0,1.0,k17,/Users/cthoyt/dev/notebooks/bit/ms/optimization/input0524/,1
525,0.02,1.0,0.01,0.01,1.0,359.38136638046257,50.0,350.0,1.0,0.01,1.0,1.0,k17,/Users/cthoyt/dev/notebooks/bit/ms/optimization/input0525/,1
526,0.02,1.0,0.01,0.01,1.0,599.4842503189409,50.0,350.0,1.0,0.01,1.0,1.0,k17,/Users/cthoyt/dev/notebooks/bit/ms/optimization/input0526/,1
527,0.02,1.0,0.01,0.01,1.0,1000.0,50.0,350.0,1.0,0.01,1.0,1.0,k17,/Users/cthoyt/dev/notebooks/bit/ms/optimization/input0527/,1
528,0.02,1.0,0.01,0.01,1.0,100.0,50.0,425.0,1.0,0.01,1.0,1.0,k17,/Users/cthoyt/dev/notebooks/bit/ms/optimization/input0528/,3
529,0.02,1.0,0.01,0.01,1.0,10.0,50.0,425.0,1.0,0.01,1.0,1.0,k17,/Users/cthoyt/dev/notebooks/bit/ms/optimization/input0529/,1
530,0.02,1.0,0.01,0.01,1.0,16.68100537200059,50.0,425.0,1.0,0.01,1.0,1.0,k17,/Users/cthoyt/dev/notebooks/bit/ms/optimization/input0530/,1
531,0.02,1.0,0.01,0.01,1.0,27.825594022071243,50.0,425.0,1.0,0.01,1.0,1.0,k17,/Users/cthoyt/dev/notebooks/bit/ms/optimization/input0531/,1
532,0.02,1.0,0.01,0.01,1.0,46.41588833612777,50.0,425.0,1.0,0.01,1.0,1.0,k17,/Users/cthoyt/dev/notebooks/bit/ms/optimization/input0532/,1
533,0.02,1.0,0.01,0.01,1.0,77.4263682681127,50.0,425.0,1.0,0.01,1.0,1.0,k17,/Users/cthoyt/dev/notebooks/bit/ms/optimization/input0533/,1
534,0.02,1.0,0.01,0.01,1.0,129.1549665014884,50.0,425.0,1.0,0.01,1.0,1.0,k17,/Users/cthoyt/dev/notebooks/bit/ms/optimization/input0534/,1
535,0.02,1.0,0.01,0.01,1.0,215.44346900318823,50.0,425.0,1.0,0.01,1.0,1.0,k17,/Users/cthoyt/dev/notebooks/bit/ms/optimization/input0535/,1
536,0.02,1.0,0.01,0.01,1.0,359.38136638046257,50.0,425.0,1.0,0.01,1.0,1.0,k17,/Users/cthoyt/dev/notebooks/bit/ms/optimization/input0536/,1
537,0.02,1.0,0.01,0.01,1.0,599.4842503189409,50.0,425.0,1.0,0.01,1.0,1.0,k17,/Users/cthoyt/dev/notebooks/bit/ms/optimization/input0537/,1
538,0.02,1.0,0.01,0.01,1.0,1000.0,50.0,425.0,1.0,0.01,1.0,1.0,k17,/Users/cthoyt/dev/notebooks/bit/ms/optimization/input0538/,1
539,0.02,1.0,0.01,0.01,1.0,100.0,50.0,500.0,1.0,0.01,1.0,1.0,k17,/Users/cthoyt/dev/notebooks/bit/ms/optimization/input0539/,3
540,0.02,1.0,0.01,0.01,1.0,10.0,50.0,500.0,1.0,0.01,1.0,1.0,k17,/Users/cthoyt/dev/notebooks/bit/ms/optimization/input0540/,1
541,0.02,1.0,0.01,0.01,1.0,16.68100537200059,50.0,500.0,1.0,0.01,1.0,1.0,k17,/Users/cthoyt/dev/notebooks/bit/ms/optimization/input0541/,1
542,0.02,1.0,0.01,0.01,1.0,27.825594022071243,50.0,500.0,1.0,0.01,1.0,1.0,k17,/Users/cthoyt/dev/notebooks/bit/ms/optimization/input0542/,1
543,0.02,1.0,0.01,0.01,1.0,46.41588833612777,50.0,500.0,1.0,0.01,1.0,1.0,k17,/Users/cthoyt/dev/notebooks/bit/ms/optimization/input0543/,1
544,0.02,1.0,0.01,0.01,1.0,77.4263682681127,50.0,500.0,1.0,0.01,1.0,1.0,k17,/Users/cthoyt/dev/notebooks/bit/ms/optimization/input0544/,1
545,0.02,1.0,0.01,0.01,1.0,129.1549665014884,50.0,500.0,1.0,0.01,1.0,1.0,k17,/Users/cthoyt/dev/notebooks/bit/ms/optimization/input0545/,1
546,0.02,1.0,0.01,0.01,1.0,215.44346900318823,50.0,500.0,1.0,0.01,1.0,1.0,k17,/Users/cthoyt/dev/notebooks/bit/ms/optimization/input0546/,1
547,0.02,1.0,0.01,0.01,1.0,359.38136638046257,50.0,500.0,1.0,0.01,1.0,1.0,k17,/Users/cthoyt/dev/notebooks/bit/ms/optimization/input0547/,1
548,0.02,1.0,0.01,0.01,1.0,599.4842503189409,50.0,500.0,1.0,0.01,1.0,1.0,k17,/Users/cthoyt/dev/notebooks/bit/ms/optimization/input0548/,1
549,0.02,1.0,0.01,0.01,1.0,1000.0,50.0,500.0,1.0,0.01,1.0,1.0,k17,/Users/cthoyt/dev/notebooks/bit/ms/optimization/input0549/,1
550,0.02,1.0,0.01,0.01,1.0,100.0,50.0,200.0,1.0,0.01,1.0,1.0,k18,/Users/cthoyt/dev/notebooks/bit/ms/optimization/input0550/,1
551,0.02,1.0,0.01,0.01,1.0,100.0,10.0,200.0,1.0,0.01,1.0,1.0,k18,/Users/cthoyt/dev/notebooks/bit/ms/optimization/input0551/,1
552,0.02,1.0,0.01,0.01,1.0,100.0,16.68100537200059,200.0,1.0,0.01,1.0,1.0,k18,/Users/cthoyt/dev/notebooks/bit/ms/optimization/input0552/,1
553,0.02,1.0,0.01,0.01,1.0,100.0,27.825594022071243,200.0,1.0,0.01,1.0,1.0,k18,/Users/cthoyt/dev/notebooks/bit/ms/optimization/input0553/,1
554,0.02,1.0,0.01,0.01,1.0,100.0,46.41588833612777,200.0,1.0,0.01,1.0,1.0,k18,/Users/cthoyt/dev/notebooks/bit/ms/optimization/input0554/,1
555,0.02,1.0,0.01,0.01,1.0,100.0,77.4263682681127,200.0,1.0,0.01,1.0,1.0,k18,/Users/cthoyt/dev/notebooks/bit/ms/optimization/input0555/,1
556,0.02,1.0,0.01,0.01,1.0,100.0,129.1549665014884,200.0,1.0,0.01,1.0,1.0,k18,/Users/cthoyt/dev/notebooks/bit/ms/optimization/input0556/,1
557,0.02,1.0,0.01,0.01,1.0,100.0,215.44346900318823,200.0,1.0,0.01,1.0,1.0,k18,/Users/cthoyt/dev/notebooks/bit/ms/optimization/input0557/,1
558,0.02,1.0,0.01,0.01,1.0,100.0,359.38136638046257,200.0,1.0,0.01,1.0,1.0,k18,/Users/cthoyt/dev/notebooks/bit/ms/optimization/input0558/,1
559,0.02,1.0,0.01,0.01,1.0,100.0,599.4842503189409,200.0,1.0,0.01,1.0,1.0,k18,/Users/cthoyt/dev/notebooks/bit/ms/optimization/input0559/,1
560,0.02,1.0,0.01,0.01,1.0,100.0,1000.0,200.0,1.0,0.01,1.0,1.0,k18,/Users/cthoyt/dev/notebooks/bit/ms/optimization/input0560/,1
561,0.02,1.0,0.01,0.01,1.0,100.0,50.0,275.0,1.0,0.01,1.0,1.0,k18,/Users/cthoyt/dev/notebooks/bit/ms/optimization/input0561/,1
562,0.02,1.0,0.01,0.01,1.0,100.0,10.0,275.0,1.0,0.01,1.0,1.0,k18,/Users/cthoyt/dev/notebooks/bit/ms/optimization/input0562/,1
563,0.02,1.0,0.01,0.01,1.0,100.0,16.68100537200059,275.0,1.0,0.01,1.0,1.0,k18,/Users/cthoyt/dev/notebooks/bit/ms/optimization/input0563/,0
564,0.02,1.0,0.01,0.01,1.0,100.0,27.825594022071243,275.0,1.0,0.01,1.0,1.0,k18,/Users/cthoyt/dev/notebooks/bit/ms/optimization/input0564/,1
565,0.02,1.0,0.01,0.01,1.0,100.0,46.41588833612777,275.0,1.0,0.01,1.0,1.0,k18,/Users/cthoyt/dev/notebooks/bit/ms/optimization/input0565/,1
566,0.02,1.0,0.01,0.01,1.0,100.0,77.4263682681127,275.0,1.0,0.01,1.0,1.0,k18,/Users/cthoyt/dev/notebooks/bit/ms/optimization/input0566/,1
567,0.02,1.0,0.01,0.01,1.0,100.0,129.1549665014884,275.0,1.0,0.01,1.0,1.0,k18,/Users/cthoyt/dev/notebooks/bit/ms/optimization/input0567/,1
568,0.02,1.0,0.01,0.01,1.0,100.0,215.44346900318823,275.0,1.0,0.01,1.0,1.0,k18,/Users/cthoyt/dev/notebooks/bit/ms/optimization/input0568/,1
569,0.02,1.0,0.01,0.01,1.0,100.0,359.38136638046257,275.0,1.0,0.01,1.0,1.0,k18,/Users/cthoyt/dev/notebooks/bit/ms/optimization/input0569/,1
570,0.02,1.0,0.01,0.01,1.0,100.0,599.4842503189409,275.0,1.0,0.01,1.0,1.0,k18,/Users/cthoyt/dev/notebooks/bit/ms/optimization/input0570/,1
571,0.02,1.0,0.01,0.01,1.0,100.0,1000.0,275.0,1.0,0.01,1.0,1.0,k18,/Users/cthoyt/dev/notebooks/bit/ms/optimization/input0571/,0
572,0.02,1.0,0.01,0.01,1.0,100.0,50.0,350.0,1.0,0.01,1.0,1.0,k18,/Users/cthoyt/dev/notebooks/bit/ms/optimization/input0572/,1
573,0.02,1.0,0.01,0.01,1.0,100.0,10.0,350.0,1.0,0.01,1.0,1.0,k18,/Users/cthoyt/dev/notebooks/bit/ms/optimization/input0573/,1
574,0.02,1.0,0.01,0.01,1.0,100.0,16.68100537200059,350.0,1.0,0.01,1.0,1.0,k18,/Users/cthoyt/dev/notebooks/bit/ms/optimization/input0574/,1
575,0.02,1.0,0.01,0.01,1.0,100.0,27.825594022071243,350.0,1.0,0.01,1.0,1.0,k18,/Users/cthoyt/dev/notebooks/bit/ms/optimization/input0575/,1
576,0.02,1.0,0.01,0.01,1.0,100.0,46.41588833612777,350.0,1.0,0.01,1.0,1.0,k18,/Users/cthoyt/dev/notebooks/bit/ms/optimization/input0576/,1
577,0.02,1.0,0.01,0.01,1.0,100.0,77.4263682681127,350.0,1.0,0.01,1.0,1.0,k18,/Users/cthoyt/dev/notebooks/bit/ms/optimization/input0577/,1
578,0.02,1.0,0.01,0.01,1.0,100.0,129.1549665014884,350.0,1.0,0.01,1.0,1.0,k18,/Users/cthoyt/dev/notebooks/bit/ms/optimization/input0578/,1
579,0.02,1.0,0.01,0.01,1.0,100.0,215.44346900318823,350.0,1.0,0.01,1.0,1.0,k18,/Users/cthoyt/dev/notebooks/bit/ms/optimization/input0579/,1
580,0.02,1.0,0.01,0.01,1.0,100.0,359.38136638046257,350.0,1.0,0.01,1.0,1.0,k18,/Users/cthoyt/dev/notebooks/bit/ms/optimization/input0580/,1
581,0.02,1.0,0.01,0.01,1.0,100.0,599.4842503189409,350.0,1.0,0.01,1.0,1.0,k18,/Users/cthoyt/dev/notebooks/bit/ms/optimization/input0581/,1
582,0.02,1.0,0.01,0.01,1.0,100.0,1000.0,350.0,1.0,0.01,1.0,1.0,k18,/Users/cthoyt/dev/notebooks/bit/ms/optimization/input0582/,0
583,0.02,1.0,0.01,0.01,1.0,100.0,50.0,425.0,1.0,0.01,1.0,1.0,k18,/Users/cthoyt/dev/notebooks/bit/ms/optimization/input0583/,3
584,0.02,1.0,0.01,0.01,1.0,100.0,10.0,425.0,1.0,0.01,1.0,1.0,k18,/Users/cthoyt/dev/notebooks/bit/ms/optimization/input0584/,1
585,0.02,1.0,0.01,0.01,1.0,100.0,16.68100537200059,425.0,1.0,0.01,1.0,1.0,k18,/Users/cthoyt/dev/notebooks/bit/ms/optimization/input0585/,1
586,0.02,1.0,0.01,0.01,1.0,100.0,27.825594022071243,425.0,1.0,0.01,1.0,1.0,k18,/Users/cthoyt/dev/notebooks/bit/ms/optimization/input0586/,1
587,0.02,1.0,0.01,0.01,1.0,100.0,46.41588833612777,425.0,1.0,0.01,1.0,1.0,k18,/Users/cthoyt/dev/notebooks/bit/ms/optimization/input0587/,0
588,0.02,1.0,0.01,0.01,1.0,100.0,77.4263682681127,425.0,1.0,0.01,1.0,1.0,k18,/Users/cthoyt/dev/notebooks/bit/ms/optimization/input0588/,1
589,0.02,1.0,0.01,0.01,1.0,100.0,129.1549665014884,425.0,1.0,0.01,1.0,1.0,k18,/Users/cthoyt/dev/notebooks/bit/ms/optimization/input0589/,1
590,0.02,1.0,0.01,0.01,1.0,100.0,215.44346900318823,425.0,1.0,0.01,1.0,1.0,k18,/Users/cthoyt/dev/notebooks/bit/ms/optimization/input0590/,1
591,0.02,1.0,0.01,0.01,1.0,100.0,359.38136638046257,425.0,1.0,0.01,1.0,1.0,k18,/Users/cthoyt/dev/notebooks/bit/ms/optimization/input0591/,1
592,0.02,1.0,0.01,0.01,1.0,100.0,599.4842503189409,425.0,1.0,0.01,1.0,1.0,k18,/Users/cthoyt/dev/notebooks/bit/ms/optimization/input0592/,1
593,0.02,1.0,0.01,0.01,1.0,100.0,1000.0,425.0,1.0,0.01,1.0,1.0,k18,/Users/cthoyt/dev/notebooks/bit/ms/optimization/input0593/,1
594,0.02,1.0,0.01,0.01,1.0,100.0,50.0,500.0,1.0,0.01,1.0,1.0,k18,/Users/cthoyt/dev/notebooks/bit/ms/optimization/input0594/,3
595,0.02,1.0,0.01,0.01,1.0,100.0,10.0,500.0,1.0,0.01,1.0,1.0,k18,/Users/cthoyt/dev/notebooks/bit/ms/optimization/input0595/,1
596,0.02,1.0,0.01,0.01,1.0,100.0,16.68100537200059,500.0,1.0,0.01,1.0,1.0,k18,/Users/cthoyt/dev/notebooks/bit/ms/optimization/input0596/,1
597,0.02,1.0,0.01,0.01,1.0,100.0,27.825594022071243,500.0,1.0,0.01,1.0,1.0,k18,/Users/cthoyt/dev/notebooks/bit/ms/optimization/input0597/,1
598,0.02,1.0,0.01,0.01,1.0,100.0,46.41588833612777,500.0,1.0,0.01,1.0,1.0,k18,/Users/cthoyt/dev/notebooks/bit/ms/optimization/input0598/,3
599,0.02,1.0,0.01,0.01,1.0,100.0,77.4263682681127,500.0,1.0,0.01,1.0,1.0,k18,/Users/cthoyt/dev/notebooks/bit/ms/optimization/input0599/,1
600,0.02,1.0,0.01,0.01,1.0,100.0,129.1549665014884,500.0,1.0,0.01,1.0,1.0,k18,/Users/cthoyt/dev/notebooks/bit/ms/optimization/input0600/,1
601,0.02,1.0,0.01,0.01,1.0,100.0,215.44346900318823,500.0,1.0,0.01,1.0,1.0,k18,/Users/cthoyt/dev/notebooks/bit/ms/optimization/input0601/,1
602,0.02,1.0,0.01,0.01,1.0,100.0,359.38136638046257,500.0,1.0,0.01,1.0,1.0,k18,/Users/cthoyt/dev/notebooks/bit/ms/optimization/input0602/,1
603,0.02,1.0,0.01,0.01,1.0,100.0,599.4842503189409,500.0,1.0,0.01,1.0,1.0,k18,/Users/cthoyt/dev/notebooks/bit/ms/optimization/input0603/,1
604,0.02,1.0,0.01,0.01,1.0,100.0,1000.0,500.0,1.0,0.01,1.0,1.0,k18,/Users/cthoyt/dev/notebooks/bit/ms/optimization/input0604/,1
